date,latitdue,longitude,anomaly
2016-08-01 00:00:00,-87.5,2.5,-999.9
2016-08-01 00:00:00,-87.5,7.5,-999.9
2016-08-01 00:00:00,-87.5,12.5,-999.9
2016-08-01 00:00:00,-87.5,17.5,-999.9
2016-08-01 00:00:00,-87.5,22.5,-999.9
2016-08-01 00:00:00,-87.5,27.5,-999.9
2016-08-01 00:00:00,-87.5,32.5,-999.9
2016-08-01 00:00:00,-87.5,37.5,-999.9
2016-08-01 00:00:00,-87.5,42.5,-999.9
2016-08-01 00:00:00,-87.5,47.5,-999.9
2016-08-01 00:00:00,-87.5,52.5,-999.9
2016-08-01 00:00:00,-87.5,57.5,-999.9
2016-08-01 00:00:00,-87.5,62.5,-999.9
2016-08-01 00:00:00,-87.5,67.5,-999.9
2016-08-01 00:00:00,-87.5,72.5,-999.9
2016-08-01 00:00:00,-87.5,77.5,-999.9
2016-08-01 00:00:00,-87.5,82.5,-999.9
2016-08-01 00:00:00,-87.5,87.5,-999.9
2016-08-01 00:00:00,-87.5,92.5,-999.9
2016-08-01 00:00:00,-87.5,97.5,-999.9
2016-08-01 00:00:00,-87.5,102.5,-999.9
2016-08-01 00:00:00,-87.5,107.5,-999.9
2016-08-01 00:00:00,-87.5,112.5,-999.9
2016-08-01 00:00:00,-87.5,117.5,-999.9
2016-08-01 00:00:00,-87.5,122.5,-999.9
2016-08-01 00:00:00,-87.5,127.5,-999.9
2016-08-01 00:00:00,-87.5,132.5,-999.9
2016-08-01 00:00:00,-87.5,137.5,-999.9
2016-08-01 00:00:00,-87.5,142.5,-999.9
2016-08-01 00:00:00,-87.5,147.5,-999.9
2016-08-01 00:00:00,-87.5,152.5,-999.9
2016-08-01 00:00:00,-87.5,157.5,-999.9
2016-08-01 00:00:00,-87.5,162.5,-999.9
2016-08-01 00:00:00,-87.5,167.5,-999.9
2016-08-01 00:00:00,-87.5,172.5,-999.9
2016-08-01 00:00:00,-87.5,177.5,-999.9
2016-08-01 00:00:00,-87.5,182.5,-999.9
2016-08-01 00:00:00,-87.5,187.5,-999.9
2016-08-01 00:00:00,-87.5,192.5,-999.9
2016-08-01 00:00:00,-87.5,197.5,-999.9
2016-08-01 00:00:00,-87.5,202.5,-999.9
2016-08-01 00:00:00,-87.5,207.5,-999.9
2016-08-01 00:00:00,-87.5,212.5,-999.9
2016-08-01 00:00:00,-87.5,217.5,-999.9
2016-08-01 00:00:00,-87.5,222.5,-999.9
2016-08-01 00:00:00,-87.5,227.5,-999.9
2016-08-01 00:00:00,-87.5,232.5,-999.9
2016-08-01 00:00:00,-87.5,237.5,-999.9
2016-08-01 00:00:00,-87.5,242.5,-999.9
2016-08-01 00:00:00,-87.5,247.5,-999.9
2016-08-01 00:00:00,-87.5,252.5,-999.9
2016-08-01 00:00:00,-87.5,257.5,-999.9
2016-08-01 00:00:00,-87.5,262.5,-999.9
2016-08-01 00:00:00,-87.5,267.5,-999.9
2016-08-01 00:00:00,-87.5,272.5,-999.9
2016-08-01 00:00:00,-87.5,277.5,-999.9
2016-08-01 00:00:00,-87.5,282.5,-999.9
2016-08-01 00:00:00,-87.5,287.5,-999.9
2016-08-01 00:00:00,-87.5,292.5,-999.9
2016-08-01 00:00:00,-87.5,297.5,-999.9
2016-08-01 00:00:00,-87.5,302.5,-999.9
2016-08-01 00:00:00,-87.5,307.5,-999.9
2016-08-01 00:00:00,-87.5,312.5,-999.9
2016-08-01 00:00:00,-87.5,317.5,-999.9
2016-08-01 00:00:00,-87.5,322.5,-999.9
2016-08-01 00:00:00,-87.5,327.5,-999.9
2016-08-01 00:00:00,-87.5,332.5,-999.9
2016-08-01 00:00:00,-87.5,337.5,-999.9
2016-08-01 00:00:00,-87.5,342.5,-999.9
2016-08-01 00:00:00,-87.5,347.5,-999.9
2016-08-01 00:00:00,-87.5,352.5,-999.9
2016-08-01 00:00:00,-87.5,357.5,-999.9
2016-08-01 00:00:00,-82.5,2.5,-999.9
2016-08-01 00:00:00,-82.5,7.5,-999.9
2016-08-01 00:00:00,-82.5,12.5,-999.9
2016-08-01 00:00:00,-82.5,17.5,-999.9
2016-08-01 00:00:00,-82.5,22.5,-999.9
2016-08-01 00:00:00,-82.5,27.5,-999.9
2016-08-01 00:00:00,-82.5,32.5,-999.9
2016-08-01 00:00:00,-82.5,37.5,-999.9
2016-08-01 00:00:00,-82.5,42.5,-999.9
2016-08-01 00:00:00,-82.5,47.5,-999.9
2016-08-01 00:00:00,-82.5,52.5,-999.9
2016-08-01 00:00:00,-82.5,57.5,-999.9
2016-08-01 00:00:00,-82.5,62.5,-999.9
2016-08-01 00:00:00,-82.5,67.5,-999.9
2016-08-01 00:00:00,-82.5,72.5,-999.9
2016-08-01 00:00:00,-82.5,77.5,-999.9
2016-08-01 00:00:00,-82.5,82.5,-999.9
2016-08-01 00:00:00,-82.5,87.5,-999.9
2016-08-01 00:00:00,-82.5,92.5,-999.9
2016-08-01 00:00:00,-82.5,97.5,-999.9
2016-08-01 00:00:00,-82.5,102.5,-999.9
2016-08-01 00:00:00,-82.5,107.5,-999.9
2016-08-01 00:00:00,-82.5,112.5,-999.9
2016-08-01 00:00:00,-82.5,117.5,-999.9
2016-08-01 00:00:00,-82.5,122.5,-999.9
2016-08-01 00:00:00,-82.5,127.5,-999.9
2016-08-01 00:00:00,-82.5,132.5,-999.9
2016-08-01 00:00:00,-82.5,137.5,-999.9
2016-08-01 00:00:00,-82.5,142.5,-999.9
2016-08-01 00:00:00,-82.5,147.5,-999.9
2016-08-01 00:00:00,-82.5,152.5,-999.9
2016-08-01 00:00:00,-82.5,157.5,-999.9
2016-08-01 00:00:00,-82.5,162.5,-999.9
2016-08-01 00:00:00,-82.5,167.5,-999.9
2016-08-01 00:00:00,-82.5,172.5,-999.9
2016-08-01 00:00:00,-82.5,177.5,-999.9
2016-08-01 00:00:00,-82.5,182.5,-999.9
2016-08-01 00:00:00,-82.5,187.5,-999.9
2016-08-01 00:00:00,-82.5,192.5,-999.9
2016-08-01 00:00:00,-82.5,197.5,-999.9
2016-08-01 00:00:00,-82.5,202.5,-999.9
2016-08-01 00:00:00,-82.5,207.5,-999.9
2016-08-01 00:00:00,-82.5,212.5,-999.9
2016-08-01 00:00:00,-82.5,217.5,-999.9
2016-08-01 00:00:00,-82.5,222.5,-999.9
2016-08-01 00:00:00,-82.5,227.5,-999.9
2016-08-01 00:00:00,-82.5,232.5,-999.9
2016-08-01 00:00:00,-82.5,237.5,-999.9
2016-08-01 00:00:00,-82.5,242.5,-999.9
2016-08-01 00:00:00,-82.5,247.5,-999.9
2016-08-01 00:00:00,-82.5,252.5,-999.9
2016-08-01 00:00:00,-82.5,257.5,-999.9
2016-08-01 00:00:00,-82.5,262.5,-999.9
2016-08-01 00:00:00,-82.5,267.5,-999.9
2016-08-01 00:00:00,-82.5,272.5,-999.9
2016-08-01 00:00:00,-82.5,277.5,-999.9
2016-08-01 00:00:00,-82.5,282.5,-999.9
2016-08-01 00:00:00,-82.5,287.5,-999.9
2016-08-01 00:00:00,-82.5,292.5,-999.9
2016-08-01 00:00:00,-82.5,297.5,-999.9
2016-08-01 00:00:00,-82.5,302.5,-999.9
2016-08-01 00:00:00,-82.5,307.5,-999.9
2016-08-01 00:00:00,-82.5,312.5,-999.9
2016-08-01 00:00:00,-82.5,317.5,-999.9
2016-08-01 00:00:00,-82.5,322.5,-999.9
2016-08-01 00:00:00,-82.5,327.5,-999.9
2016-08-01 00:00:00,-82.5,332.5,-999.9
2016-08-01 00:00:00,-82.5,337.5,-999.9
2016-08-01 00:00:00,-82.5,342.5,-999.9
2016-08-01 00:00:00,-82.5,347.5,-999.9
2016-08-01 00:00:00,-82.5,352.5,-999.9
2016-08-01 00:00:00,-82.5,357.5,-999.9
2016-08-01 00:00:00,-77.5,2.5,-999.9
2016-08-01 00:00:00,-77.5,7.5,-999.9
2016-08-01 00:00:00,-77.5,12.5,-999.9
2016-08-01 00:00:00,-77.5,17.5,-999.9
2016-08-01 00:00:00,-77.5,22.5,-999.9
2016-08-01 00:00:00,-77.5,27.5,-999.9
2016-08-01 00:00:00,-77.5,32.5,-999.9
2016-08-01 00:00:00,-77.5,37.5,-999.9
2016-08-01 00:00:00,-77.5,42.5,-999.9
2016-08-01 00:00:00,-77.5,47.5,-999.9
2016-08-01 00:00:00,-77.5,52.5,-999.9
2016-08-01 00:00:00,-77.5,57.5,-999.9
2016-08-01 00:00:00,-77.5,62.5,-999.9
2016-08-01 00:00:00,-77.5,67.5,-999.9
2016-08-01 00:00:00,-77.5,72.5,-999.9
2016-08-01 00:00:00,-77.5,77.5,-999.9
2016-08-01 00:00:00,-77.5,82.5,-999.9
2016-08-01 00:00:00,-77.5,87.5,-999.9
2016-08-01 00:00:00,-77.5,92.5,-999.9
2016-08-01 00:00:00,-77.5,97.5,-999.9
2016-08-01 00:00:00,-77.5,102.5,-999.9
2016-08-01 00:00:00,-77.5,107.5,4.9962
2016-08-01 00:00:00,-77.5,112.5,-999.9
2016-08-01 00:00:00,-77.5,117.5,-999.9
2016-08-01 00:00:00,-77.5,122.5,-999.9
2016-08-01 00:00:00,-77.5,127.5,-999.9
2016-08-01 00:00:00,-77.5,132.5,-999.9
2016-08-01 00:00:00,-77.5,137.5,-999.9
2016-08-01 00:00:00,-77.5,142.5,-999.9
2016-08-01 00:00:00,-77.5,147.5,-999.9
2016-08-01 00:00:00,-77.5,152.5,-999.9
2016-08-01 00:00:00,-77.5,157.5,-999.9
2016-08-01 00:00:00,-77.5,162.5,-999.9
2016-08-01 00:00:00,-77.5,167.5,-999.9
2016-08-01 00:00:00,-77.5,172.5,-999.9
2016-08-01 00:00:00,-77.5,177.5,-999.9
2016-08-01 00:00:00,-77.5,182.5,-999.9
2016-08-01 00:00:00,-77.5,187.5,-999.9
2016-08-01 00:00:00,-77.5,192.5,-999.9
2016-08-01 00:00:00,-77.5,197.5,-999.9
2016-08-01 00:00:00,-77.5,202.5,-999.9
2016-08-01 00:00:00,-77.5,207.5,-999.9
2016-08-01 00:00:00,-77.5,212.5,-999.9
2016-08-01 00:00:00,-77.5,217.5,-999.9
2016-08-01 00:00:00,-77.5,222.5,-999.9
2016-08-01 00:00:00,-77.5,227.5,-999.9
2016-08-01 00:00:00,-77.5,232.5,-999.9
2016-08-01 00:00:00,-77.5,237.5,-999.9
2016-08-01 00:00:00,-77.5,242.5,-999.9
2016-08-01 00:00:00,-77.5,247.5,-999.9
2016-08-01 00:00:00,-77.5,252.5,-999.9
2016-08-01 00:00:00,-77.5,257.5,-999.9
2016-08-01 00:00:00,-77.5,262.5,-999.9
2016-08-01 00:00:00,-77.5,267.5,-999.9
2016-08-01 00:00:00,-77.5,272.5,-999.9
2016-08-01 00:00:00,-77.5,277.5,-999.9
2016-08-01 00:00:00,-77.5,282.5,-999.9
2016-08-01 00:00:00,-77.5,287.5,-999.9
2016-08-01 00:00:00,-77.5,292.5,-999.9
2016-08-01 00:00:00,-77.5,297.5,-999.9
2016-08-01 00:00:00,-77.5,302.5,-999.9
2016-08-01 00:00:00,-77.5,307.5,-999.9
2016-08-01 00:00:00,-77.5,312.5,-999.9
2016-08-01 00:00:00,-77.5,317.5,-999.9
2016-08-01 00:00:00,-77.5,322.5,-999.9
2016-08-01 00:00:00,-77.5,327.5,-999.9
2016-08-01 00:00:00,-77.5,332.5,2.2171
2016-08-01 00:00:00,-77.5,337.5,-999.9
2016-08-01 00:00:00,-77.5,342.5,-999.9
2016-08-01 00:00:00,-77.5,347.5,-999.9
2016-08-01 00:00:00,-77.5,352.5,-999.9
2016-08-01 00:00:00,-77.5,357.5,-999.9
2016-08-01 00:00:00,-72.5,2.5,-999.9
2016-08-01 00:00:00,-72.5,7.5,-999.9
2016-08-01 00:00:00,-72.5,12.5,-999.9
2016-08-01 00:00:00,-72.5,17.5,-999.9
2016-08-01 00:00:00,-72.5,22.5,-999.9
2016-08-01 00:00:00,-72.5,27.5,-999.9
2016-08-01 00:00:00,-72.5,32.5,-999.9
2016-08-01 00:00:00,-72.5,37.5,-999.9
2016-08-01 00:00:00,-72.5,42.5,-999.9
2016-08-01 00:00:00,-72.5,47.5,-999.9
2016-08-01 00:00:00,-72.5,52.5,-999.9
2016-08-01 00:00:00,-72.5,57.5,-999.9
2016-08-01 00:00:00,-72.5,62.5,-999.9
2016-08-01 00:00:00,-72.5,67.5,-999.9
2016-08-01 00:00:00,-72.5,72.5,-999.9
2016-08-01 00:00:00,-72.5,77.5,-999.9
2016-08-01 00:00:00,-72.5,82.5,-999.9
2016-08-01 00:00:00,-72.5,87.5,-999.9
2016-08-01 00:00:00,-72.5,92.5,-999.9
2016-08-01 00:00:00,-72.5,97.5,-999.9
2016-08-01 00:00:00,-72.5,102.5,-999.9
2016-08-01 00:00:00,-72.5,107.5,-999.9
2016-08-01 00:00:00,-72.5,112.5,-999.9
2016-08-01 00:00:00,-72.5,117.5,-999.9
2016-08-01 00:00:00,-72.5,122.5,-999.9
2016-08-01 00:00:00,-72.5,127.5,-999.9
2016-08-01 00:00:00,-72.5,132.5,-999.9
2016-08-01 00:00:00,-72.5,137.5,-999.9
2016-08-01 00:00:00,-72.5,142.5,-999.9
2016-08-01 00:00:00,-72.5,147.5,-999.9
2016-08-01 00:00:00,-72.5,152.5,-999.9
2016-08-01 00:00:00,-72.5,157.5,-999.9
2016-08-01 00:00:00,-72.5,162.5,-999.9
2016-08-01 00:00:00,-72.5,167.5,-999.9
2016-08-01 00:00:00,-72.5,172.5,-999.9
2016-08-01 00:00:00,-72.5,177.5,-999.9
2016-08-01 00:00:00,-72.5,182.5,-999.9
2016-08-01 00:00:00,-72.5,187.5,-999.9
2016-08-01 00:00:00,-72.5,192.5,-999.9
2016-08-01 00:00:00,-72.5,197.5,-999.9
2016-08-01 00:00:00,-72.5,202.5,-999.9
2016-08-01 00:00:00,-72.5,207.5,-999.9
2016-08-01 00:00:00,-72.5,212.5,-999.9
2016-08-01 00:00:00,-72.5,217.5,-999.9
2016-08-01 00:00:00,-72.5,222.5,-999.9
2016-08-01 00:00:00,-72.5,227.5,-999.9
2016-08-01 00:00:00,-72.5,232.5,-999.9
2016-08-01 00:00:00,-72.5,237.5,-999.9
2016-08-01 00:00:00,-72.5,242.5,-999.9
2016-08-01 00:00:00,-72.5,247.5,-999.9
2016-08-01 00:00:00,-72.5,252.5,-999.9
2016-08-01 00:00:00,-72.5,257.5,-999.9
2016-08-01 00:00:00,-72.5,262.5,-999.9
2016-08-01 00:00:00,-72.5,267.5,-999.9
2016-08-01 00:00:00,-72.5,272.5,-999.9
2016-08-01 00:00:00,-72.5,277.5,-999.9
2016-08-01 00:00:00,-72.5,282.5,-999.9
2016-08-01 00:00:00,-72.5,287.5,-999.9
2016-08-01 00:00:00,-72.5,292.5,-999.9
2016-08-01 00:00:00,-72.5,297.5,-999.9
2016-08-01 00:00:00,-72.5,302.5,-999.9
2016-08-01 00:00:00,-72.5,307.5,-999.9
2016-08-01 00:00:00,-72.5,312.5,-999.9
2016-08-01 00:00:00,-72.5,317.5,-999.9
2016-08-01 00:00:00,-72.5,322.5,-999.9
2016-08-01 00:00:00,-72.5,327.5,-999.9
2016-08-01 00:00:00,-72.5,332.5,-999.9
2016-08-01 00:00:00,-72.5,337.5,-999.9
2016-08-01 00:00:00,-72.5,342.5,-999.9
2016-08-01 00:00:00,-72.5,347.5,-999.9
2016-08-01 00:00:00,-72.5,352.5,-999.9
2016-08-01 00:00:00,-72.5,357.5,-999.9
2016-08-01 00:00:00,-67.5,2.5,-999.9
2016-08-01 00:00:00,-67.5,7.5,-999.9
2016-08-01 00:00:00,-67.5,12.5,-999.9
2016-08-01 00:00:00,-67.5,17.5,-999.9
2016-08-01 00:00:00,-67.5,22.5,-999.9
2016-08-01 00:00:00,-67.5,27.5,-999.9
2016-08-01 00:00:00,-67.5,32.5,-999.9
2016-08-01 00:00:00,-67.5,37.5,5.9786
2016-08-01 00:00:00,-67.5,42.5,-999.9
2016-08-01 00:00:00,-67.5,47.5,-999.9
2016-08-01 00:00:00,-67.5,52.5,-999.9
2016-08-01 00:00:00,-67.5,57.5,-999.9
2016-08-01 00:00:00,-67.5,62.5,3.641
2016-08-01 00:00:00,-67.5,67.5,-999.9
2016-08-01 00:00:00,-67.5,72.5,-999.9
2016-08-01 00:00:00,-67.5,77.5,0.7267
2016-08-01 00:00:00,-67.5,82.5,-999.9
2016-08-01 00:00:00,-67.5,87.5,-999.9
2016-08-01 00:00:00,-67.5,92.5,-999.9
2016-08-01 00:00:00,-67.5,97.5,-999.9
2016-08-01 00:00:00,-67.5,102.5,-999.9
2016-08-01 00:00:00,-67.5,107.5,-999.9
2016-08-01 00:00:00,-67.5,112.5,2.0233
2016-08-01 00:00:00,-67.5,117.5,-999.9
2016-08-01 00:00:00,-67.5,122.5,-999.9
2016-08-01 00:00:00,-67.5,127.5,-999.9
2016-08-01 00:00:00,-67.5,132.5,-999.9
2016-08-01 00:00:00,-67.5,137.5,-999.9
2016-08-01 00:00:00,-67.5,142.5,-0.8393
2016-08-01 00:00:00,-67.5,147.5,-999.9
2016-08-01 00:00:00,-67.5,152.5,-999.9
2016-08-01 00:00:00,-67.5,157.5,-999.9
2016-08-01 00:00:00,-67.5,162.5,-999.9
2016-08-01 00:00:00,-67.5,167.5,-999.9
2016-08-01 00:00:00,-67.5,172.5,-999.9
2016-08-01 00:00:00,-67.5,177.5,-999.9
2016-08-01 00:00:00,-67.5,182.5,-999.9
2016-08-01 00:00:00,-67.5,187.5,-999.9
2016-08-01 00:00:00,-67.5,192.5,-999.9
2016-08-01 00:00:00,-67.5,197.5,-999.9
2016-08-01 00:00:00,-67.5,202.5,-999.9
2016-08-01 00:00:00,-67.5,207.5,-999.9
2016-08-01 00:00:00,-67.5,212.5,-999.9
2016-08-01 00:00:00,-67.5,217.5,-999.9
2016-08-01 00:00:00,-67.5,222.5,-999.9
2016-08-01 00:00:00,-67.5,227.5,-999.9
2016-08-01 00:00:00,-67.5,232.5,-999.9
2016-08-01 00:00:00,-67.5,237.5,-999.9
2016-08-01 00:00:00,-67.5,242.5,-999.9
2016-08-01 00:00:00,-67.5,247.5,-999.9
2016-08-01 00:00:00,-67.5,252.5,-999.9
2016-08-01 00:00:00,-67.5,257.5,-999.9
2016-08-01 00:00:00,-67.5,262.5,-999.9
2016-08-01 00:00:00,-67.5,267.5,-999.9
2016-08-01 00:00:00,-67.5,272.5,-999.9
2016-08-01 00:00:00,-67.5,277.5,-999.9
2016-08-01 00:00:00,-67.5,282.5,-999.9
2016-08-01 00:00:00,-67.5,287.5,-999.9
2016-08-01 00:00:00,-67.5,292.5,-999.9
2016-08-01 00:00:00,-67.5,297.5,-999.9
2016-08-01 00:00:00,-67.5,302.5,-999.9
2016-08-01 00:00:00,-67.5,307.5,-999.9
2016-08-01 00:00:00,-67.5,312.5,-999.9
2016-08-01 00:00:00,-67.5,317.5,-999.9
2016-08-01 00:00:00,-67.5,322.5,-999.9
2016-08-01 00:00:00,-67.5,327.5,-999.9
2016-08-01 00:00:00,-67.5,332.5,-999.9
2016-08-01 00:00:00,-67.5,337.5,-999.9
2016-08-01 00:00:00,-67.5,342.5,-999.9
2016-08-01 00:00:00,-67.5,347.5,-999.9
2016-08-01 00:00:00,-67.5,352.5,-999.9
2016-08-01 00:00:00,-67.5,357.5,-999.9
2016-08-01 00:00:00,-62.5,2.5,-999.9
2016-08-01 00:00:00,-62.5,7.5,-999.9
2016-08-01 00:00:00,-62.5,12.5,-999.9
2016-08-01 00:00:00,-62.5,17.5,-999.9
2016-08-01 00:00:00,-62.5,22.5,-999.9
2016-08-01 00:00:00,-62.5,27.5,-999.9
2016-08-01 00:00:00,-62.5,32.5,-999.9
2016-08-01 00:00:00,-62.5,37.5,-999.9
2016-08-01 00:00:00,-62.5,42.5,-0.0314
2016-08-01 00:00:00,-62.5,47.5,-999.9
2016-08-01 00:00:00,-62.5,52.5,-999.9
2016-08-01 00:00:00,-62.5,57.5,-0.044
2016-08-01 00:00:00,-62.5,62.5,-0.0489
2016-08-01 00:00:00,-62.5,67.5,-999.9
2016-08-01 00:00:00,-62.5,72.5,-999.9
2016-08-01 00:00:00,-62.5,77.5,-999.9
2016-08-01 00:00:00,-62.5,82.5,-999.9
2016-08-01 00:00:00,-62.5,87.5,-999.9
2016-08-01 00:00:00,-62.5,92.5,-999.9
2016-08-01 00:00:00,-62.5,97.5,-999.9
2016-08-01 00:00:00,-62.5,102.5,-999.9
2016-08-01 00:00:00,-62.5,107.5,-999.9
2016-08-01 00:00:00,-62.5,112.5,-999.9
2016-08-01 00:00:00,-62.5,117.5,-0.0136
2016-08-01 00:00:00,-62.5,122.5,0.0045
2016-08-01 00:00:00,-62.5,127.5,-0.004
2016-08-01 00:00:00,-62.5,132.5,-0.0986
2016-08-01 00:00:00,-62.5,137.5,-0.162
2016-08-01 00:00:00,-62.5,142.5,-0.1158
2016-08-01 00:00:00,-62.5,147.5,-0.1525
2016-08-01 00:00:00,-62.5,152.5,-999.9
2016-08-01 00:00:00,-62.5,157.5,-999.9
2016-08-01 00:00:00,-62.5,162.5,-999.9
2016-08-01 00:00:00,-62.5,167.5,-0.2579
2016-08-01 00:00:00,-62.5,172.5,-0.2652
2016-08-01 00:00:00,-62.5,177.5,-0.1508
2016-08-01 00:00:00,-62.5,182.5,-0.2395
2016-08-01 00:00:00,-62.5,187.5,-0.3431
2016-08-01 00:00:00,-62.5,192.5,-0.4164
2016-08-01 00:00:00,-62.5,197.5,-0.4396
2016-08-01 00:00:00,-62.5,202.5,-999.9
2016-08-01 00:00:00,-62.5,207.5,-999.9
2016-08-01 00:00:00,-62.5,212.5,-999.9
2016-08-01 00:00:00,-62.5,217.5,-0.346
2016-08-01 00:00:00,-62.5,222.5,-0.2566
2016-08-01 00:00:00,-62.5,227.5,-0.1968
2016-08-01 00:00:00,-62.5,232.5,-0.1613
2016-08-01 00:00:00,-62.5,237.5,-0.0814
2016-08-01 00:00:00,-62.5,242.5,0.0523
2016-08-01 00:00:00,-62.5,247.5,0.1385
2016-08-01 00:00:00,-62.5,252.5,0.1865
2016-08-01 00:00:00,-62.5,257.5,0.2095
2016-08-01 00:00:00,-62.5,262.5,0.1848
2016-08-01 00:00:00,-62.5,267.5,-999.9
2016-08-01 00:00:00,-62.5,272.5,-999.9
2016-08-01 00:00:00,-62.5,277.5,0.0849
2016-08-01 00:00:00,-62.5,282.5,0.0271
2016-08-01 00:00:00,-62.5,287.5,-0.1425
2016-08-01 00:00:00,-62.5,292.5,-0.3448
2016-08-01 00:00:00,-62.5,297.5,-0.6246
2016-08-01 00:00:00,-62.5,302.5,-0.5897
2016-08-01 00:00:00,-62.5,307.5,-999.9
2016-08-01 00:00:00,-62.5,312.5,-999.9
2016-08-01 00:00:00,-62.5,317.5,-2.5407
2016-08-01 00:00:00,-62.5,322.5,-999.9
2016-08-01 00:00:00,-62.5,327.5,-999.9
2016-08-01 00:00:00,-62.5,332.5,-999.9
2016-08-01 00:00:00,-62.5,337.5,-999.9
2016-08-01 00:00:00,-62.5,342.5,-999.9
2016-08-01 00:00:00,-62.5,347.5,-999.9
2016-08-01 00:00:00,-62.5,352.5,-999.9
2016-08-01 00:00:00,-62.5,357.5,-999.9
2016-08-01 00:00:00,-57.5,2.5,-999.9
2016-08-01 00:00:00,-57.5,7.5,-999.9
2016-08-01 00:00:00,-57.5,12.5,-999.9
2016-08-01 00:00:00,-57.5,17.5,-0.1278
2016-08-01 00:00:00,-57.5,22.5,-0.1049
2016-08-01 00:00:00,-57.5,27.5,-0.1513
2016-08-01 00:00:00,-57.5,32.5,-0.2032
2016-08-01 00:00:00,-57.5,37.5,-0.185
2016-08-01 00:00:00,-57.5,42.5,-0.1952
2016-08-01 00:00:00,-57.5,47.5,-0.2264
2016-08-01 00:00:00,-57.5,52.5,-0.2103
2016-08-01 00:00:00,-57.5,57.5,-0.1797
2016-08-01 00:00:00,-57.5,62.5,-0.1594
2016-08-01 00:00:00,-57.5,67.5,-0.0961
2016-08-01 00:00:00,-57.5,72.5,0.0118
2016-08-01 00:00:00,-57.5,77.5,0.0643
2016-08-01 00:00:00,-57.5,82.5,0.148
2016-08-01 00:00:00,-57.5,87.5,0.2598
2016-08-01 00:00:00,-57.5,92.5,0.3161
2016-08-01 00:00:00,-57.5,97.5,0.3161
2016-08-01 00:00:00,-57.5,102.5,0.2142
2016-08-01 00:00:00,-57.5,107.5,0.1114
2016-08-01 00:00:00,-57.5,112.5,0.0592
2016-08-01 00:00:00,-57.5,117.5,0.0386
2016-08-01 00:00:00,-57.5,122.5,0.019
2016-08-01 00:00:00,-57.5,127.5,-0.023
2016-08-01 00:00:00,-57.5,132.5,-0.074
2016-08-01 00:00:00,-57.5,137.5,-0.0554
2016-08-01 00:00:00,-57.5,142.5,-0.0069
2016-08-01 00:00:00,-57.5,147.5,0.0476
2016-08-01 00:00:00,-57.5,152.5,0.1193
2016-08-01 00:00:00,-57.5,157.5,0.1696
2016-08-01 00:00:00,-57.5,162.5,0.1088
2016-08-01 00:00:00,-57.5,167.5,-0.022
2016-08-01 00:00:00,-57.5,172.5,-0.1182
2016-08-01 00:00:00,-57.5,177.5,-0.2157
2016-08-01 00:00:00,-57.5,182.5,-0.3824
2016-08-01 00:00:00,-57.5,187.5,-0.5325
2016-08-01 00:00:00,-57.5,192.5,-0.5662
2016-08-01 00:00:00,-57.5,197.5,-0.6128
2016-08-01 00:00:00,-57.5,202.5,-0.7007
2016-08-01 00:00:00,-57.5,207.5,-0.6996
2016-08-01 00:00:00,-57.5,212.5,-0.6625
2016-08-01 00:00:00,-57.5,217.5,-0.5385
2016-08-01 00:00:00,-57.5,222.5,-0.3313
2016-08-01 00:00:00,-57.5,227.5,-0.1576
2016-08-01 00:00:00,-57.5,232.5,0.0044
2016-08-01 00:00:00,-57.5,237.5,0.1853
2016-08-01 00:00:00,-57.5,242.5,0.428
2016-08-01 00:00:00,-57.5,247.5,0.6903
2016-08-01 00:00:00,-57.5,252.5,0.7871
2016-08-01 00:00:00,-57.5,257.5,0.8395
2016-08-01 00:00:00,-57.5,262.5,0.8093
2016-08-01 00:00:00,-57.5,267.5,0.7219
2016-08-01 00:00:00,-57.5,272.5,0.6645
2016-08-01 00:00:00,-57.5,277.5,0.5495
2016-08-01 00:00:00,-57.5,282.5,0.3762
2016-08-01 00:00:00,-57.5,287.5,0.1121
2016-08-01 00:00:00,-57.5,292.5,-0.2911
2016-08-01 00:00:00,-57.5,297.5,-0.58
2016-08-01 00:00:00,-57.5,302.5,-0.7828
2016-08-01 00:00:00,-57.5,307.5,-0.953
2016-08-01 00:00:00,-57.5,312.5,-0.9915
2016-08-01 00:00:00,-57.5,317.5,-0.9003
2016-08-01 00:00:00,-57.5,322.5,-0.8045
2016-08-01 00:00:00,-57.5,327.5,-999.9
2016-08-01 00:00:00,-57.5,332.5,-999.9
2016-08-01 00:00:00,-57.5,337.5,-0.5996
2016-08-01 00:00:00,-57.5,342.5,-999.9
2016-08-01 00:00:00,-57.5,347.5,-999.9
2016-08-01 00:00:00,-57.5,352.5,-999.9
2016-08-01 00:00:00,-57.5,357.5,-999.9
2016-08-01 00:00:00,-52.5,2.5,-0.2985
2016-08-01 00:00:00,-52.5,7.5,-0.1483
2016-08-01 00:00:00,-52.5,12.5,-0.0603
2016-08-01 00:00:00,-52.5,17.5,-0.011
2016-08-01 00:00:00,-52.5,22.5,0.0057
2016-08-01 00:00:00,-52.5,27.5,-0.033
2016-08-01 00:00:00,-52.5,32.5,-0.0808
2016-08-01 00:00:00,-52.5,37.5,-0.1001
2016-08-01 00:00:00,-52.5,42.5,-0.1069
2016-08-01 00:00:00,-52.5,47.5,-0.1065
2016-08-01 00:00:00,-52.5,52.5,-0.0934
2016-08-01 00:00:00,-52.5,57.5,-0.096
2016-08-01 00:00:00,-52.5,62.5,-0.0477
2016-08-01 00:00:00,-52.5,67.5,0.0292
2016-08-01 00:00:00,-52.5,72.5,0.0971
2016-08-01 00:00:00,-52.5,77.5,0.1452
2016-08-01 00:00:00,-52.5,82.5,0.1746
2016-08-01 00:00:00,-52.5,87.5,0.2542
2016-08-01 00:00:00,-52.5,92.5,0.3257
2016-08-01 00:00:00,-52.5,97.5,0.3285
2016-08-01 00:00:00,-52.5,102.5,0.2145
2016-08-01 00:00:00,-52.5,107.5,0.0902
2016-08-01 00:00:00,-52.5,112.5,0.0423
2016-08-01 00:00:00,-52.5,117.5,0.0038
2016-08-01 00:00:00,-52.5,122.5,-0.0259
2016-08-01 00:00:00,-52.5,127.5,-0.0793
2016-08-01 00:00:00,-52.5,132.5,-0.0884
2016-08-01 00:00:00,-52.5,137.5,-0.0173
2016-08-01 00:00:00,-52.5,142.5,0.0675
2016-08-01 00:00:00,-52.5,147.5,0.1595
2016-08-01 00:00:00,-52.5,152.5,0.2586
2016-08-01 00:00:00,-52.5,157.5,0.3467
2016-08-01 00:00:00,-52.5,162.5,0.2223
2016-08-01 00:00:00,-52.5,167.5,0.1231
2016-08-01 00:00:00,-52.5,172.5,0.0168
2016-08-01 00:00:00,-52.5,177.5,-0.0933
2016-08-01 00:00:00,-52.5,182.5,-0.2715
2016-08-01 00:00:00,-52.5,187.5,-0.4519
2016-08-01 00:00:00,-52.5,192.5,-0.4934
2016-08-01 00:00:00,-52.5,197.5,-0.5584
2016-08-01 00:00:00,-52.5,202.5,-0.6532
2016-08-01 00:00:00,-52.5,207.5,-0.6648
2016-08-01 00:00:00,-52.5,212.5,-0.6009
2016-08-01 00:00:00,-52.5,217.5,-0.4933
2016-08-01 00:00:00,-52.5,222.5,-0.3023
2016-08-01 00:00:00,-52.5,227.5,-0.1631
2016-08-01 00:00:00,-52.5,232.5,-0.0526
2016-08-01 00:00:00,-52.5,237.5,0.0967
2016-08-01 00:00:00,-52.5,242.5,0.324
2016-08-01 00:00:00,-52.5,247.5,0.5593
2016-08-01 00:00:00,-52.5,252.5,0.6501
2016-08-01 00:00:00,-52.5,257.5,0.696
2016-08-01 00:00:00,-52.5,262.5,0.6581
2016-08-01 00:00:00,-52.5,267.5,0.6184
2016-08-01 00:00:00,-52.5,272.5,0.617
2016-08-01 00:00:00,-52.5,277.5,0.5205
2016-08-01 00:00:00,-52.5,282.5,0.3439
2016-08-01 00:00:00,-52.5,287.5,0.2108
2016-08-01 00:00:00,-52.5,292.5,-0.3669
2016-08-01 00:00:00,-52.5,297.5,-0.7492
2016-08-01 00:00:00,-52.5,302.5,-0.8524
2016-08-01 00:00:00,-52.5,307.5,-0.8902
2016-08-01 00:00:00,-52.5,312.5,-0.8754
2016-08-01 00:00:00,-52.5,317.5,-0.7768
2016-08-01 00:00:00,-52.5,322.5,-0.8302
2016-08-01 00:00:00,-52.5,327.5,-0.6683
2016-08-01 00:00:00,-52.5,332.5,-0.6173
2016-08-01 00:00:00,-52.5,337.5,-0.5827
2016-08-01 00:00:00,-52.5,342.5,-0.5039
2016-08-01 00:00:00,-52.5,347.5,-0.429
2016-08-01 00:00:00,-52.5,352.5,-0.3799
2016-08-01 00:00:00,-52.5,357.5,-0.3755
2016-08-01 00:00:00,-47.5,2.5,-0.3473
2016-08-01 00:00:00,-47.5,7.5,-0.1332
2016-08-01 00:00:00,-47.5,12.5,0.0509
2016-08-01 00:00:00,-47.5,17.5,0.2479
2016-08-01 00:00:00,-47.5,22.5,0.334
2016-08-01 00:00:00,-47.5,27.5,0.2545
2016-08-01 00:00:00,-47.5,32.5,0.1646
2016-08-01 00:00:00,-47.5,37.5,0.2565
2016-08-01 00:00:00,-47.5,42.5,0.067
2016-08-01 00:00:00,-47.5,47.5,0.0285
2016-08-01 00:00:00,-47.5,52.5,0.1792
2016-08-01 00:00:00,-47.5,57.5,-0.0888
2016-08-01 00:00:00,-47.5,62.5,-0.1076
2016-08-01 00:00:00,-47.5,67.5,-0.062
2016-08-01 00:00:00,-47.5,72.5,0.0469
2016-08-01 00:00:00,-47.5,77.5,0.1271
2016-08-01 00:00:00,-47.5,82.5,0.2097
2016-08-01 00:00:00,-47.5,87.5,0.2894
2016-08-01 00:00:00,-47.5,92.5,0.3181
2016-08-01 00:00:00,-47.5,97.5,0.294
2016-08-01 00:00:00,-47.5,102.5,0.1816
2016-08-01 00:00:00,-47.5,107.5,0.0529
2016-08-01 00:00:00,-47.5,112.5,-0.0027
2016-08-01 00:00:00,-47.5,117.5,-0.0421
2016-08-01 00:00:00,-47.5,122.5,-0.0766
2016-08-01 00:00:00,-47.5,127.5,-0.0899
2016-08-01 00:00:00,-47.5,132.5,-0.0999
2016-08-01 00:00:00,-47.5,137.5,-0.0148
2016-08-01 00:00:00,-47.5,142.5,0.0895
2016-08-01 00:00:00,-47.5,147.5,0.2283
2016-08-01 00:00:00,-47.5,152.5,0.3503
2016-08-01 00:00:00,-47.5,157.5,0.4231
2016-08-01 00:00:00,-47.5,162.5,0.3632
2016-08-01 00:00:00,-47.5,167.5,0.2688
2016-08-01 00:00:00,-47.5,172.5,0.2268
2016-08-01 00:00:00,-47.5,177.5,0.1566
2016-08-01 00:00:00,-47.5,182.5,0.0532
2016-08-01 00:00:00,-47.5,187.5,-0.1101
2016-08-01 00:00:00,-47.5,192.5,-0.2532
2016-08-01 00:00:00,-47.5,197.5,-0.3694
2016-08-01 00:00:00,-47.5,202.5,-0.475
2016-08-01 00:00:00,-47.5,207.5,-0.5
2016-08-01 00:00:00,-47.5,212.5,-0.4316
2016-08-01 00:00:00,-47.5,217.5,-0.2761
2016-08-01 00:00:00,-47.5,222.5,-0.0948
2016-08-01 00:00:00,-47.5,227.5,-0.0435
2016-08-01 00:00:00,-47.5,232.5,-0.041
2016-08-01 00:00:00,-47.5,237.5,0.0218
2016-08-01 00:00:00,-47.5,242.5,0.2052
2016-08-01 00:00:00,-47.5,247.5,0.3721
2016-08-01 00:00:00,-47.5,252.5,0.4411
2016-08-01 00:00:00,-47.5,257.5,0.5677
2016-08-01 00:00:00,-47.5,262.5,0.614
2016-08-01 00:00:00,-47.5,267.5,0.6703
2016-08-01 00:00:00,-47.5,272.5,0.701
2016-08-01 00:00:00,-47.5,277.5,0.5874
2016-08-01 00:00:00,-47.5,282.5,0.423
2016-08-01 00:00:00,-47.5,287.5,0.8095
2016-08-01 00:00:00,-47.5,292.5,-0.0406
2016-08-01 00:00:00,-47.5,297.5,-0.6449
2016-08-01 00:00:00,-47.5,302.5,-0.4821
2016-08-01 00:00:00,-47.5,307.5,-0.3216
2016-08-01 00:00:00,-47.5,312.5,-0.2427
2016-08-01 00:00:00,-47.5,317.5,-0.2536
2016-08-01 00:00:00,-47.5,322.5,-0.3248
2016-08-01 00:00:00,-47.5,327.5,-0.3771
2016-08-01 00:00:00,-47.5,332.5,-0.3824
2016-08-01 00:00:00,-47.5,337.5,-0.4053
2016-08-01 00:00:00,-47.5,342.5,-0.3998
2016-08-01 00:00:00,-47.5,347.5,-0.4009
2016-08-01 00:00:00,-47.5,352.5,-0.4177
2016-08-01 00:00:00,-47.5,357.5,-0.44
2016-08-01 00:00:00,-42.5,2.5,-0.1558
2016-08-01 00:00:00,-42.5,7.5,0.1096
2016-08-01 00:00:00,-42.5,12.5,0.3933
2016-08-01 00:00:00,-42.5,17.5,0.6397
2016-08-01 00:00:00,-42.5,22.5,0.7147
2016-08-01 00:00:00,-42.5,27.5,0.5572
2016-08-01 00:00:00,-42.5,32.5,0.4134
2016-08-01 00:00:00,-42.5,37.5,0.3066
2016-08-01 00:00:00,-42.5,42.5,0.2181
2016-08-01 00:00:00,-42.5,47.5,0.1306
2016-08-01 00:00:00,-42.5,52.5,0.019
2016-08-01 00:00:00,-42.5,57.5,-0.1096
2016-08-01 00:00:00,-42.5,62.5,-0.1573
2016-08-01 00:00:00,-42.5,67.5,-0.1191
2016-08-01 00:00:00,-42.5,72.5,-0.0184
2016-08-01 00:00:00,-42.5,77.5,0.0898
2016-08-01 00:00:00,-42.5,82.5,0.1972
2016-08-01 00:00:00,-42.5,87.5,0.3055
2016-08-01 00:00:00,-42.5,92.5,0.342
2016-08-01 00:00:00,-42.5,97.5,0.2759
2016-08-01 00:00:00,-42.5,102.5,0.0962
2016-08-01 00:00:00,-42.5,107.5,-0.1332
2016-08-01 00:00:00,-42.5,112.5,-0.2709
2016-08-01 00:00:00,-42.5,117.5,-0.2997
2016-08-01 00:00:00,-42.5,122.5,-0.2258
2016-08-01 00:00:00,-42.5,127.5,-0.1398
2016-08-01 00:00:00,-42.5,132.5,-0.1028
2016-08-01 00:00:00,-42.5,137.5,-0.0076
2016-08-01 00:00:00,-42.5,142.5,0.1676
2016-08-01 00:00:00,-42.5,147.5,0.3458
2016-08-01 00:00:00,-42.5,152.5,0.4931
2016-08-01 00:00:00,-42.5,157.5,0.5637
2016-08-01 00:00:00,-42.5,162.5,0.514
2016-08-01 00:00:00,-42.5,167.5,0.4597
2016-08-01 00:00:00,-42.5,172.5,0.4179
2016-08-01 00:00:00,-42.5,177.5,0.508
2016-08-01 00:00:00,-42.5,182.5,0.4907
2016-08-01 00:00:00,-42.5,187.5,0.443
2016-08-01 00:00:00,-42.5,192.5,0.2605
2016-08-01 00:00:00,-42.5,197.5,0.0843
2016-08-01 00:00:00,-42.5,202.5,-0.0306
2016-08-01 00:00:00,-42.5,207.5,-0.0825
2016-08-01 00:00:00,-42.5,212.5,-0.0789
2016-08-01 00:00:00,-42.5,217.5,0.0568
2016-08-01 00:00:00,-42.5,222.5,0.1198
2016-08-01 00:00:00,-42.5,227.5,0.1134
2016-08-01 00:00:00,-42.5,232.5,0.064
2016-08-01 00:00:00,-42.5,237.5,0.0094
2016-08-01 00:00:00,-42.5,242.5,0.0729
2016-08-01 00:00:00,-42.5,247.5,0.1712
2016-08-01 00:00:00,-42.5,252.5,0.2454
2016-08-01 00:00:00,-42.5,257.5,0.4474
2016-08-01 00:00:00,-42.5,262.5,0.5904
2016-08-01 00:00:00,-42.5,267.5,0.7137
2016-08-01 00:00:00,-42.5,272.5,0.7591
2016-08-01 00:00:00,-42.5,277.5,0.6317
2016-08-01 00:00:00,-42.5,282.5,0.5245
2016-08-01 00:00:00,-42.5,287.5,0.8734
2016-08-01 00:00:00,-42.5,292.5,1.4413
2016-08-01 00:00:00,-42.5,297.5,-0.242
2016-08-01 00:00:00,-42.5,302.5,-0.0492
2016-08-01 00:00:00,-42.5,307.5,0.2466
2016-08-01 00:00:00,-42.5,312.5,0.3778
2016-08-01 00:00:00,-42.5,317.5,0.2727
2016-08-01 00:00:00,-42.5,322.5,0.1131
2016-08-01 00:00:00,-42.5,327.5,-0.0082
2016-08-01 00:00:00,-42.5,332.5,-0.0405
2016-08-01 00:00:00,-42.5,337.5,-0.0531
2016-08-01 00:00:00,-42.5,342.5,-0.0972
2016-08-01 00:00:00,-42.5,347.5,-0.1734
2016-08-01 00:00:00,-42.5,352.5,-0.069
2016-08-01 00:00:00,-42.5,357.5,-0.2686
2016-08-01 00:00:00,-37.5,2.5,0.2056
2016-08-01 00:00:00,-37.5,7.5,0.4717
2016-08-01 00:00:00,-37.5,12.5,0.7535
2016-08-01 00:00:00,-37.5,17.5,0.991
2016-08-01 00:00:00,-37.5,22.5,1.0215
2016-08-01 00:00:00,-37.5,27.5,0.8033
2016-08-01 00:00:00,-37.5,32.5,0.6087
2016-08-01 00:00:00,-37.5,37.5,0.4391
2016-08-01 00:00:00,-37.5,42.5,0.3006
2016-08-01 00:00:00,-37.5,47.5,0.1771
2016-08-01 00:00:00,-37.5,52.5,0.0277
2016-08-01 00:00:00,-37.5,57.5,-0.1286
2016-08-01 00:00:00,-37.5,62.5,-0.1706
2016-08-01 00:00:00,-37.5,67.5,-0.1235
2016-08-01 00:00:00,-37.5,72.5,-0.0503
2016-08-01 00:00:00,-37.5,77.5,0.1206
2016-08-01 00:00:00,-37.5,82.5,0.2672
2016-08-01 00:00:00,-37.5,87.5,0.3877
2016-08-01 00:00:00,-37.5,92.5,0.4415
2016-08-01 00:00:00,-37.5,97.5,0.302
2016-08-01 00:00:00,-37.5,102.5,0.0037
2016-08-01 00:00:00,-37.5,107.5,-0.3574
2016-08-01 00:00:00,-37.5,112.5,-0.5409
2016-08-01 00:00:00,-37.5,117.5,-0.5166
2016-08-01 00:00:00,-37.5,122.5,-0.3286
2016-08-01 00:00:00,-37.5,127.5,-0.145
2016-08-01 00:00:00,-37.5,132.5,-0.0371
2016-08-01 00:00:00,-37.5,137.5,0.1009
2016-08-01 00:00:00,-37.5,142.5,0.443
2016-08-01 00:00:00,-37.5,147.5,0.5005
2016-08-01 00:00:00,-37.5,152.5,0.6281
2016-08-01 00:00:00,-37.5,157.5,0.6469
2016-08-01 00:00:00,-37.5,162.5,0.6067
2016-08-01 00:00:00,-37.5,167.5,0.6045
2016-08-01 00:00:00,-37.5,172.5,0.6166
2016-08-01 00:00:00,-37.5,177.5,0.7079
2016-08-01 00:00:00,-37.5,182.5,0.9187
2016-08-01 00:00:00,-37.5,187.5,0.9219
2016-08-01 00:00:00,-37.5,192.5,0.7801
2016-08-01 00:00:00,-37.5,197.5,0.6331
2016-08-01 00:00:00,-37.5,202.5,0.4868
2016-08-01 00:00:00,-37.5,207.5,0.3404
2016-08-01 00:00:00,-37.5,212.5,0.2153
2016-08-01 00:00:00,-37.5,217.5,0.2486
2016-08-01 00:00:00,-37.5,222.5,0.2175
2016-08-01 00:00:00,-37.5,227.5,0.1092
2016-08-01 00:00:00,-37.5,232.5,0.0004
2016-08-01 00:00:00,-37.5,237.5,-0.1277
2016-08-01 00:00:00,-37.5,242.5,-0.1336
2016-08-01 00:00:00,-37.5,247.5,-0.0897
2016-08-01 00:00:00,-37.5,252.5,0.0031
2016-08-01 00:00:00,-37.5,257.5,0.184
2016-08-01 00:00:00,-37.5,262.5,0.4072
2016-08-01 00:00:00,-37.5,267.5,0.5902
2016-08-01 00:00:00,-37.5,272.5,0.6822
2016-08-01 00:00:00,-37.5,277.5,0.6221
2016-08-01 00:00:00,-37.5,282.5,0.5296
2016-08-01 00:00:00,-37.5,287.5,0.984
2016-08-01 00:00:00,-37.5,292.5,1.4754
2016-08-01 00:00:00,-37.5,297.5,1.219
2016-08-01 00:00:00,-37.5,302.5,0.4168
2016-08-01 00:00:00,-37.5,307.5,0.4042
2016-08-01 00:00:00,-37.5,312.5,0.4086
2016-08-01 00:00:00,-37.5,317.5,0.3677
2016-08-01 00:00:00,-37.5,322.5,0.2936
2016-08-01 00:00:00,-37.5,327.5,0.2662
2016-08-01 00:00:00,-37.5,332.5,0.3056
2016-08-01 00:00:00,-37.5,337.5,0.3171
2016-08-01 00:00:00,-37.5,342.5,0.2762
2016-08-01 00:00:00,-37.5,347.5,0.2073
2016-08-01 00:00:00,-37.5,352.5,0.1363
2016-08-01 00:00:00,-37.5,357.5,0.1057
2016-08-01 00:00:00,-32.5,2.5,0.5309
2016-08-01 00:00:00,-32.5,7.5,0.6713
2016-08-01 00:00:00,-32.5,12.5,0.8873
2016-08-01 00:00:00,-32.5,17.5,1.3204
2016-08-01 00:00:00,-32.5,22.5,1.6284
2016-08-01 00:00:00,-32.5,27.5,1.341
2016-08-01 00:00:00,-32.5,32.5,0.7678
2016-08-01 00:00:00,-32.5,37.5,0.5017
2016-08-01 00:00:00,-32.5,42.5,0.2953
2016-08-01 00:00:00,-32.5,47.5,0.0882
2016-08-01 00:00:00,-32.5,52.5,-0.1087
2016-08-01 00:00:00,-32.5,57.5,-0.2543
2016-08-01 00:00:00,-32.5,62.5,-0.2372
2016-08-01 00:00:00,-32.5,67.5,-0.1073
2016-08-01 00:00:00,-32.5,72.5,0.0746
2016-08-01 00:00:00,-32.5,77.5,0.3079
2016-08-01 00:00:00,-32.5,82.5,0.4816
2016-08-01 00:00:00,-32.5,87.5,0.5935
2016-08-01 00:00:00,-32.5,92.5,0.6162
2016-08-01 00:00:00,-32.5,97.5,0.3649
2016-08-01 00:00:00,-32.5,102.5,-0.0134
2016-08-01 00:00:00,-32.5,107.5,-0.4238
2016-08-01 00:00:00,-32.5,112.5,-0.554
2016-08-01 00:00:00,-32.5,117.5,-0.5679
2016-08-01 00:00:00,-32.5,122.5,-0.3417
2016-08-01 00:00:00,-32.5,127.5,-0.0817
2016-08-01 00:00:00,-32.5,132.5,-0.0225
2016-08-01 00:00:00,-32.5,137.5,0.2621
2016-08-01 00:00:00,-32.5,142.5,0.434
2016-08-01 00:00:00,-32.5,147.5,0.2902
2016-08-01 00:00:00,-32.5,152.5,0.6459
2016-08-01 00:00:00,-32.5,157.5,0.627
2016-08-01 00:00:00,-32.5,162.5,0.5837
2016-08-01 00:00:00,-32.5,167.5,0.6207
2016-08-01 00:00:00,-32.5,172.5,0.7131
2016-08-01 00:00:00,-32.5,177.5,0.8899
2016-08-01 00:00:00,-32.5,182.5,1.0888
2016-08-01 00:00:00,-32.5,187.5,1.2065
2016-08-01 00:00:00,-32.5,192.5,1.1174
2016-08-01 00:00:00,-32.5,197.5,0.9728
2016-08-01 00:00:00,-32.5,202.5,0.8156
2016-08-01 00:00:00,-32.5,207.5,0.5486
2016-08-01 00:00:00,-32.5,212.5,0.3281
2016-08-01 00:00:00,-32.5,217.5,0.2445
2016-08-01 00:00:00,-32.5,222.5,0.1851
2016-08-01 00:00:00,-32.5,227.5,0.0587
2016-08-01 00:00:00,-32.5,232.5,-0.0861
2016-08-01 00:00:00,-32.5,237.5,-0.2497
2016-08-01 00:00:00,-32.5,242.5,-0.2803
2016-08-01 00:00:00,-32.5,247.5,-0.255
2016-08-01 00:00:00,-32.5,252.5,-0.1523
2016-08-01 00:00:00,-32.5,257.5,0.0919
2016-08-01 00:00:00,-32.5,262.5,0.3996
2016-08-01 00:00:00,-32.5,267.5,0.6295
2016-08-01 00:00:00,-32.5,272.5,0.7303
2016-08-01 00:00:00,-32.5,277.5,0.6537
2016-08-01 00:00:00,-32.5,282.5,0.5681
2016-08-01 00:00:00,-32.5,287.5,0.6018
2016-08-01 00:00:00,-32.5,292.5,2.214
2016-08-01 00:00:00,-32.5,297.5,0.991
2016-08-01 00:00:00,-32.5,302.5,0.8609
2016-08-01 00:00:00,-32.5,307.5,0.3822
2016-08-01 00:00:00,-32.5,312.5,-0.077
2016-08-01 00:00:00,-32.5,317.5,0.0222
2016-08-01 00:00:00,-32.5,322.5,0.2059
2016-08-01 00:00:00,-32.5,327.5,0.4376
2016-08-01 00:00:00,-32.5,332.5,0.6419
2016-08-01 00:00:00,-32.5,337.5,0.7608
2016-08-01 00:00:00,-32.5,342.5,0.7557
2016-08-01 00:00:00,-32.5,347.5,0.6896
2016-08-01 00:00:00,-32.5,352.5,0.6186
2016-08-01 00:00:00,-32.5,357.5,0.5412
2016-08-01 00:00:00,-27.5,2.5,0.6223
2016-08-01 00:00:00,-27.5,7.5,0.6363
2016-08-01 00:00:00,-27.5,12.5,0.7347
2016-08-01 00:00:00,-27.5,17.5,1.2978
2016-08-01 00:00:00,-27.5,22.5,1.9789
2016-08-01 00:00:00,-27.5,27.5,1.0656
2016-08-01 00:00:00,-27.5,32.5,0.8095
2016-08-01 00:00:00,-27.5,37.5,0.4715
2016-08-01 00:00:00,-27.5,42.5,0.2561
2016-08-01 00:00:00,-27.5,47.5,0.0556
2016-08-01 00:00:00,-27.5,52.5,-0.279
2016-08-01 00:00:00,-27.5,57.5,-0.3439
2016-08-01 00:00:00,-27.5,62.5,-0.2252
2016-08-01 00:00:00,-27.5,67.5,0.0271
2016-08-01 00:00:00,-27.5,72.5,0.2538
2016-08-01 00:00:00,-27.5,77.5,0.5003
2016-08-01 00:00:00,-27.5,82.5,0.6612
2016-08-01 00:00:00,-27.5,87.5,0.7177
2016-08-01 00:00:00,-27.5,92.5,0.6489
2016-08-01 00:00:00,-27.5,97.5,0.367
2016-08-01 00:00:00,-27.5,102.5,0.0286
2016-08-01 00:00:00,-27.5,107.5,-0.2364
2016-08-01 00:00:00,-27.5,112.5,-0.3006
2016-08-01 00:00:00,-27.5,117.5,-0.2979
2016-08-01 00:00:00,-27.5,122.5,-0.7081
2016-08-01 00:00:00,-27.5,127.5,-0.3727
2016-08-01 00:00:00,-27.5,132.5,0.0897
2016-08-01 00:00:00,-27.5,137.5,0.0607
2016-08-01 00:00:00,-27.5,142.5,0.3934
2016-08-01 00:00:00,-27.5,147.5,0.6552
2016-08-01 00:00:00,-27.5,152.5,0.6839
2016-08-01 00:00:00,-27.5,157.5,0.5892
2016-08-01 00:00:00,-27.5,162.5,0.5542
2016-08-01 00:00:00,-27.5,167.5,0.5796
2016-08-01 00:00:00,-27.5,172.5,0.6556
2016-08-01 00:00:00,-27.5,177.5,0.8344
2016-08-01 00:00:00,-27.5,182.5,0.9686
2016-08-01 00:00:00,-27.5,187.5,1.1432
2016-08-01 00:00:00,-27.5,192.5,1.0968
2016-08-01 00:00:00,-27.5,197.5,0.9878
2016-08-01 00:00:00,-27.5,202.5,0.8665
2016-08-01 00:00:00,-27.5,207.5,0.691
2016-08-01 00:00:00,-27.5,212.5,0.5273
2016-08-01 00:00:00,-27.5,217.5,0.36
2016-08-01 00:00:00,-27.5,222.5,0.2408
2016-08-01 00:00:00,-27.5,227.5,0.0258
2016-08-01 00:00:00,-27.5,232.5,-0.0653
2016-08-01 00:00:00,-27.5,237.5,-0.1563
2016-08-01 00:00:00,-27.5,242.5,-0.1714
2016-08-01 00:00:00,-27.5,247.5,-0.0811
2016-08-01 00:00:00,-27.5,252.5,0.1071
2016-08-01 00:00:00,-27.5,257.5,0.4512
2016-08-01 00:00:00,-27.5,262.5,0.734
2016-08-01 00:00:00,-27.5,267.5,0.9056
2016-08-01 00:00:00,-27.5,272.5,0.9065
2016-08-01 00:00:00,-27.5,277.5,0.7445
2016-08-01 00:00:00,-27.5,282.5,0.4957
2016-08-01 00:00:00,-27.5,287.5,0.3851
2016-08-01 00:00:00,-27.5,292.5,1.6407
2016-08-01 00:00:00,-27.5,297.5,1.4954
2016-08-01 00:00:00,-27.5,302.5,1.6628
2016-08-01 00:00:00,-27.5,307.5,1.03
2016-08-01 00:00:00,-27.5,312.5,-0.2481
2016-08-01 00:00:00,-27.5,317.5,-0.2274
2016-08-01 00:00:00,-27.5,322.5,0.1681
2016-08-01 00:00:00,-27.5,327.5,0.5395
2016-08-01 00:00:00,-27.5,332.5,0.7902
2016-08-01 00:00:00,-27.5,337.5,0.8973
2016-08-01 00:00:00,-27.5,342.5,0.8731
2016-08-01 00:00:00,-27.5,347.5,0.8216
2016-08-01 00:00:00,-27.5,352.5,0.7818
2016-08-01 00:00:00,-27.5,357.5,0.7102
2016-08-01 00:00:00,-22.5,2.5,0.7029
2016-08-01 00:00:00,-22.5,7.5,0.5753
2016-08-01 00:00:00,-22.5,12.5,0.6084
2016-08-01 00:00:00,-22.5,17.5,1.4466
2016-08-01 00:00:00,-22.5,22.5,1.1591
2016-08-01 00:00:00,-22.5,27.5,1.2284
2016-08-01 00:00:00,-22.5,32.5,0.8234
2016-08-01 00:00:00,-22.5,37.5,0.3569
2016-08-01 00:00:00,-22.5,42.5,0.2737
2016-08-01 00:00:00,-22.5,47.5,0.1974
2016-08-01 00:00:00,-22.5,52.5,-0.3303
2016-08-01 00:00:00,-22.5,57.5,-0.1163
2016-08-01 00:00:00,-22.5,62.5,0.0069
2016-08-01 00:00:00,-22.5,67.5,0.3058
2016-08-01 00:00:00,-22.5,72.5,0.5087
2016-08-01 00:00:00,-22.5,77.5,0.6004
2016-08-01 00:00:00,-22.5,82.5,0.6171
2016-08-01 00:00:00,-22.5,87.5,0.6039
2016-08-01 00:00:00,-22.5,92.5,0.5126
2016-08-01 00:00:00,-22.5,97.5,0.3481
2016-08-01 00:00:00,-22.5,102.5,0.2204
2016-08-01 00:00:00,-22.5,107.5,0.22
2016-08-01 00:00:00,-22.5,112.5,0.3274
2016-08-01 00:00:00,-22.5,117.5,0.0458
2016-08-01 00:00:00,-22.5,122.5,-0.1702
2016-08-01 00:00:00,-22.5,127.5,0.1941
2016-08-01 00:00:00,-22.5,132.5,0.4765
2016-08-01 00:00:00,-22.5,137.5,0.766
2016-08-01 00:00:00,-22.5,142.5,0.6507
2016-08-01 00:00:00,-22.5,147.5,1.0064
2016-08-01 00:00:00,-22.5,152.5,0.6729
2016-08-01 00:00:00,-22.5,157.5,0.571
2016-08-01 00:00:00,-22.5,162.5,0.5549
2016-08-01 00:00:00,-22.5,167.5,0.5462
2016-08-01 00:00:00,-22.5,172.5,0.5965
2016-08-01 00:00:00,-22.5,177.5,0.7281
2016-08-01 00:00:00,-22.5,182.5,0.7843
2016-08-01 00:00:00,-22.5,187.5,0.9439
2016-08-01 00:00:00,-22.5,192.5,0.9444
2016-08-01 00:00:00,-22.5,197.5,0.887
2016-08-01 00:00:00,-22.5,202.5,0.7524
2016-08-01 00:00:00,-22.5,207.5,0.7121
2016-08-01 00:00:00,-22.5,212.5,0.558
2016-08-01 00:00:00,-22.5,217.5,0.5019
2016-08-01 00:00:00,-22.5,222.5,0.3441
2016-08-01 00:00:00,-22.5,227.5,0.2011
2016-08-01 00:00:00,-22.5,232.5,0.157
2016-08-01 00:00:00,-22.5,237.5,0.1358
2016-08-01 00:00:00,-22.5,242.5,0.2182
2016-08-01 00:00:00,-22.5,247.5,0.4114
2016-08-01 00:00:00,-22.5,252.5,0.6522
2016-08-01 00:00:00,-22.5,257.5,0.8983
2016-08-01 00:00:00,-22.5,262.5,1.076
2016-08-01 00:00:00,-22.5,267.5,1.1036
2016-08-01 00:00:00,-22.5,272.5,0.9721
2016-08-01 00:00:00,-22.5,277.5,0.7207
2016-08-01 00:00:00,-22.5,282.5,0.3599
2016-08-01 00:00:00,-22.5,287.5,0.1715
2016-08-01 00:00:00,-22.5,292.5,1.7705
2016-08-01 00:00:00,-22.5,297.5,1.277
2016-08-01 00:00:00,-22.5,302.5,1.2375
2016-08-01 00:00:00,-22.5,307.5,0.8412
2016-08-01 00:00:00,-22.5,312.5,0.7117
2016-08-01 00:00:00,-22.5,317.5,0.4086
2016-08-01 00:00:00,-22.5,322.5,0.4227
2016-08-01 00:00:00,-22.5,327.5,0.6523
2016-08-01 00:00:00,-22.5,332.5,0.7221
2016-08-01 00:00:00,-22.5,337.5,0.722
2016-08-01 00:00:00,-22.5,342.5,0.648
2016-08-01 00:00:00,-22.5,347.5,0.6467
2016-08-01 00:00:00,-22.5,352.5,0.6942
2016-08-01 00:00:00,-22.5,357.5,0.7618
2016-08-01 00:00:00,-17.5,2.5,0.7804
2016-08-01 00:00:00,-17.5,7.5,0.5373
2016-08-01 00:00:00,-17.5,12.5,0.9893
2016-08-01 00:00:00,-17.5,17.5,1.2087
2016-08-01 00:00:00,-17.5,22.5,1.0053
2016-08-01 00:00:00,-17.5,27.5,1.4921
2016-08-01 00:00:00,-17.5,32.5,0.7744
2016-08-01 00:00:00,-17.5,37.5,0.4787
2016-08-01 00:00:00,-17.5,42.5,0.2769
2016-08-01 00:00:00,-17.5,47.5,0.5954
2016-08-01 00:00:00,-17.5,52.5,-0.0278
2016-08-01 00:00:00,-17.5,57.5,0.1671
2016-08-01 00:00:00,-17.5,62.5,0.3692
2016-08-01 00:00:00,-17.5,67.5,0.5791
2016-08-01 00:00:00,-17.5,72.5,0.6408
2016-08-01 00:00:00,-17.5,77.5,0.5317
2016-08-01 00:00:00,-17.5,82.5,0.4515
2016-08-01 00:00:00,-17.5,87.5,0.4199
2016-08-01 00:00:00,-17.5,92.5,0.4587
2016-08-01 00:00:00,-17.5,97.5,0.5018
2016-08-01 00:00:00,-17.5,102.5,0.5632
2016-08-01 00:00:00,-17.5,107.5,0.6813
2016-08-01 00:00:00,-17.5,112.5,0.859
2016-08-01 00:00:00,-17.5,117.5,1.1162
2016-08-01 00:00:00,-17.5,122.5,0.9097
2016-08-01 00:00:00,-17.5,127.5,0.4988
2016-08-01 00:00:00,-17.5,132.5,0.834
2016-08-01 00:00:00,-17.5,137.5,0.7918
2016-08-01 00:00:00,-17.5,142.5,0.9047
2016-08-01 00:00:00,-17.5,147.5,0.6877
2016-08-01 00:00:00,-17.5,152.5,0.6215
2016-08-01 00:00:00,-17.5,157.5,0.5644
2016-08-01 00:00:00,-17.5,162.5,0.5649
2016-08-01 00:00:00,-17.5,167.5,0.5495
2016-08-01 00:00:00,-17.5,172.5,0.6024
2016-08-01 00:00:00,-17.5,177.5,0.5793
2016-08-01 00:00:00,-17.5,182.5,0.678
2016-08-01 00:00:00,-17.5,187.5,0.6707
2016-08-01 00:00:00,-17.5,192.5,0.7116
2016-08-01 00:00:00,-17.5,197.5,0.7676
2016-08-01 00:00:00,-17.5,202.5,0.706
2016-08-01 00:00:00,-17.5,207.5,0.6627
2016-08-01 00:00:00,-17.5,212.5,0.654
2016-08-01 00:00:00,-17.5,217.5,0.5918
2016-08-01 00:00:00,-17.5,222.5,0.5804
2016-08-01 00:00:00,-17.5,227.5,0.5109
2016-08-01 00:00:00,-17.5,232.5,0.4865
2016-08-01 00:00:00,-17.5,237.5,0.5167
2016-08-01 00:00:00,-17.5,242.5,0.6174
2016-08-01 00:00:00,-17.5,247.5,0.7818
2016-08-01 00:00:00,-17.5,252.5,0.9405
2016-08-01 00:00:00,-17.5,257.5,1.0729
2016-08-01 00:00:00,-17.5,262.5,1.1578
2016-08-01 00:00:00,-17.5,267.5,1.1241
2016-08-01 00:00:00,-17.5,272.5,0.9841
2016-08-01 00:00:00,-17.5,277.5,0.6323
2016-08-01 00:00:00,-17.5,282.5,0.3726
2016-08-01 00:00:00,-17.5,287.5,0.389
2016-08-01 00:00:00,-17.5,292.5,1.6027
2016-08-01 00:00:00,-17.5,297.5,1.6675
2016-08-01 00:00:00,-17.5,302.5,1.0769
2016-08-01 00:00:00,-17.5,307.5,1.0388
2016-08-01 00:00:00,-17.5,312.5,1.0398
2016-08-01 00:00:00,-17.5,317.5,1.0758
2016-08-01 00:00:00,-17.5,322.5,0.699
2016-08-01 00:00:00,-17.5,327.5,0.6806
2016-08-01 00:00:00,-17.5,332.5,0.603
2016-08-01 00:00:00,-17.5,337.5,0.4519
2016-08-01 00:00:00,-17.5,342.5,0.3628
2016-08-01 00:00:00,-17.5,347.5,0.4206
2016-08-01 00:00:00,-17.5,352.5,0.564
2016-08-01 00:00:00,-17.5,357.5,0.801
2016-08-01 00:00:00,-12.5,2.5,0.8885
2016-08-01 00:00:00,-12.5,7.5,0.5455
2016-08-01 00:00:00,-12.5,12.5,0.5893
2016-08-01 00:00:00,-12.5,17.5,1.2786
2016-08-01 00:00:00,-12.5,22.5,1.0769
2016-08-01 00:00:00,-12.5,27.5,0.9606
2016-08-01 00:00:00,-12.5,32.5,0.9373
2016-08-01 00:00:00,-12.5,37.5,1.0549
2016-08-01 00:00:00,-12.5,42.5,0.2986
2016-08-01 00:00:00,-12.5,47.5,0.2971
2016-08-01 00:00:00,-12.5,52.5,0.3137
2016-08-01 00:00:00,-12.5,57.5,0.4461
2016-08-01 00:00:00,-12.5,62.5,0.5985
2016-08-01 00:00:00,-12.5,67.5,0.6862
2016-08-01 00:00:00,-12.5,72.5,0.6341
2016-08-01 00:00:00,-12.5,77.5,0.4856
2016-08-01 00:00:00,-12.5,82.5,0.3637
2016-08-01 00:00:00,-12.5,87.5,0.3962
2016-08-01 00:00:00,-12.5,92.5,0.5778
2016-08-01 00:00:00,-12.5,97.5,0.7877
2016-08-01 00:00:00,-12.5,102.5,0.9714
2016-08-01 00:00:00,-12.5,107.5,1.0063
2016-08-01 00:00:00,-12.5,112.5,1.0666
2016-08-01 00:00:00,-12.5,117.5,1.0754
2016-08-01 00:00:00,-12.5,122.5,1.0167
2016-08-01 00:00:00,-12.5,127.5,0.9176
2016-08-01 00:00:00,-12.5,132.5,0.6232
2016-08-01 00:00:00,-12.5,137.5,0.6786
2016-08-01 00:00:00,-12.5,142.5,0.686
2016-08-01 00:00:00,-12.5,147.5,0.6818
2016-08-01 00:00:00,-12.5,152.5,0.6457
2016-08-01 00:00:00,-12.5,157.5,0.6417
2016-08-01 00:00:00,-12.5,162.5,0.6102
2016-08-01 00:00:00,-12.5,167.5,0.5867
2016-08-01 00:00:00,-12.5,172.5,0.61
2016-08-01 00:00:00,-12.5,177.5,0.5308
2016-08-01 00:00:00,-12.5,182.5,0.5632
2016-08-01 00:00:00,-12.5,187.5,0.5892
2016-08-01 00:00:00,-12.5,192.5,0.5944
2016-08-01 00:00:00,-12.5,197.5,0.603
2016-08-01 00:00:00,-12.5,202.5,0.6136
2016-08-01 00:00:00,-12.5,207.5,0.5896
2016-08-01 00:00:00,-12.5,212.5,0.5386
2016-08-01 00:00:00,-12.5,217.5,0.5876
2016-08-01 00:00:00,-12.5,222.5,0.5638
2016-08-01 00:00:00,-12.5,227.5,0.5711
2016-08-01 00:00:00,-12.5,232.5,0.5541
2016-08-01 00:00:00,-12.5,237.5,0.5651
2016-08-01 00:00:00,-12.5,242.5,0.6204
2016-08-01 00:00:00,-12.5,247.5,0.7104
2016-08-01 00:00:00,-12.5,252.5,0.8065
2016-08-01 00:00:00,-12.5,257.5,0.909
2016-08-01 00:00:00,-12.5,262.5,0.9979
2016-08-01 00:00:00,-12.5,267.5,1.0005
2016-08-01 00:00:00,-12.5,272.5,0.8202
2016-08-01 00:00:00,-12.5,277.5,0.4236
2016-08-01 00:00:00,-12.5,282.5,0.4866
2016-08-01 00:00:00,-12.5,287.5,1.5215
2016-08-01 00:00:00,-12.5,292.5,1.6501
2016-08-01 00:00:00,-12.5,297.5,0.9427
2016-08-01 00:00:00,-12.5,302.5,0.8909
2016-08-01 00:00:00,-12.5,307.5,1.1231
2016-08-01 00:00:00,-12.5,312.5,1.5661
2016-08-01 00:00:00,-12.5,317.5,1.1004
2016-08-01 00:00:00,-12.5,322.5,0.7951
2016-08-01 00:00:00,-12.5,327.5,0.5287
2016-08-01 00:00:00,-12.5,332.5,0.4198
2016-08-01 00:00:00,-12.5,337.5,0.2843
2016-08-01 00:00:00,-12.5,342.5,0.2274
2016-08-01 00:00:00,-12.5,347.5,0.3389
2016-08-01 00:00:00,-12.5,352.5,0.5866
2016-08-01 00:00:00,-12.5,357.5,0.9001
2016-08-01 00:00:00,-7.5,2.5,0.9848
2016-08-01 00:00:00,-7.5,7.5,0.6977
2016-08-01 00:00:00,-7.5,12.5,0.814
2016-08-01 00:00:00,-7.5,17.5,1.3051
2016-08-01 00:00:00,-7.5,22.5,1.0809
2016-08-01 00:00:00,-7.5,27.5,1.1684
2016-08-01 00:00:00,-7.5,32.5,1.0445
2016-08-01 00:00:00,-7.5,37.5,0.8335
2016-08-01 00:00:00,-7.5,42.5,0.4193
2016-08-01 00:00:00,-7.5,47.5,0.3785
2016-08-01 00:00:00,-7.5,52.5,0.4475
2016-08-01 00:00:00,-7.5,57.5,0.5918
2016-08-01 00:00:00,-7.5,62.5,0.7035
2016-08-01 00:00:00,-7.5,67.5,0.6993
2016-08-01 00:00:00,-7.5,72.5,0.6685
2016-08-01 00:00:00,-7.5,77.5,0.4778
2016-08-01 00:00:00,-7.5,82.5,0.3737
2016-08-01 00:00:00,-7.5,87.5,0.4354
2016-08-01 00:00:00,-7.5,92.5,0.6444
2016-08-01 00:00:00,-7.5,97.5,0.9245
2016-08-01 00:00:00,-7.5,102.5,1.107
2016-08-01 00:00:00,-7.5,107.5,1.1039
2016-08-01 00:00:00,-7.5,112.5,0.9979
2016-08-01 00:00:00,-7.5,117.5,0.8661
2016-08-01 00:00:00,-7.5,122.5,0.7987
2016-08-01 00:00:00,-7.5,127.5,0.7323
2016-08-01 00:00:00,-7.5,132.5,0.6547
2016-08-01 00:00:00,-7.5,137.5,0.6372
2016-08-01 00:00:00,-7.5,142.5,0.5074
2016-08-01 00:00:00,-7.5,147.5,0.6293
2016-08-01 00:00:00,-7.5,152.5,0.7167
2016-08-01 00:00:00,-7.5,157.5,0.6805
2016-08-01 00:00:00,-7.5,162.5,0.6627
2016-08-01 00:00:00,-7.5,167.5,0.7106
2016-08-01 00:00:00,-7.5,172.5,0.6579
2016-08-01 00:00:00,-7.5,177.5,0.5289
2016-08-01 00:00:00,-7.5,182.5,0.4952
2016-08-01 00:00:00,-7.5,187.5,0.3761
2016-08-01 00:00:00,-7.5,192.5,0.2893
2016-08-01 00:00:00,-7.5,197.5,0.1941
2016-08-01 00:00:00,-7.5,202.5,0.1749
2016-08-01 00:00:00,-7.5,207.5,0.1206
2016-08-01 00:00:00,-7.5,212.5,0.0988
2016-08-01 00:00:00,-7.5,217.5,0.1064
2016-08-01 00:00:00,-7.5,222.5,0.121
2016-08-01 00:00:00,-7.5,227.5,0.03
2016-08-01 00:00:00,-7.5,232.5,-0.0049
2016-08-01 00:00:00,-7.5,237.5,0.0118
2016-08-01 00:00:00,-7.5,242.5,0.0868
2016-08-01 00:00:00,-7.5,247.5,0.19
2016-08-01 00:00:00,-7.5,252.5,0.302
2016-08-01 00:00:00,-7.5,257.5,0.4457
2016-08-01 00:00:00,-7.5,262.5,0.5904
2016-08-01 00:00:00,-7.5,267.5,0.6281
2016-08-01 00:00:00,-7.5,272.5,0.5069
2016-08-01 00:00:00,-7.5,277.5,0.3819
2016-08-01 00:00:00,-7.5,282.5,1.5447
2016-08-01 00:00:00,-7.5,287.5,1.3138
2016-08-01 00:00:00,-7.5,292.5,1.0031
2016-08-01 00:00:00,-7.5,297.5,0.967
2016-08-01 00:00:00,-7.5,302.5,0.869
2016-08-01 00:00:00,-7.5,307.5,1.1435
2016-08-01 00:00:00,-7.5,312.5,1.2688
2016-08-01 00:00:00,-7.5,317.5,1.3464
2016-08-01 00:00:00,-7.5,322.5,1.0571
2016-08-01 00:00:00,-7.5,327.5,0.4894
2016-08-01 00:00:00,-7.5,332.5,0.4238
2016-08-01 00:00:00,-7.5,337.5,0.3839
2016-08-01 00:00:00,-7.5,342.5,0.3706
2016-08-01 00:00:00,-7.5,347.5,0.4645
2016-08-01 00:00:00,-7.5,352.5,0.6912
2016-08-01 00:00:00,-7.5,357.5,0.9884
2016-08-01 00:00:00,-2.5,2.5,0.8478
2016-08-01 00:00:00,-2.5,7.5,0.7583
2016-08-01 00:00:00,-2.5,12.5,0.7948
2016-08-01 00:00:00,-2.5,17.5,0.9624
2016-08-01 00:00:00,-2.5,22.5,1.1817
2016-08-01 00:00:00,-2.5,27.5,1.4156
2016-08-01 00:00:00,-2.5,32.5,1.1558
2016-08-01 00:00:00,-2.5,37.5,0.8775
2016-08-01 00:00:00,-2.5,42.5,0.5905
2016-08-01 00:00:00,-2.5,47.5,0.5551
2016-08-01 00:00:00,-2.5,52.5,0.5639
2016-08-01 00:00:00,-2.5,57.5,0.6185
2016-08-01 00:00:00,-2.5,62.5,0.6792
2016-08-01 00:00:00,-2.5,67.5,0.6476
2016-08-01 00:00:00,-2.5,72.5,0.5622
2016-08-01 00:00:00,-2.5,77.5,0.4268
2016-08-01 00:00:00,-2.5,82.5,0.3405
2016-08-01 00:00:00,-2.5,87.5,0.3712
2016-08-01 00:00:00,-2.5,92.5,0.5011
2016-08-01 00:00:00,-2.5,97.5,0.7193
2016-08-01 00:00:00,-2.5,102.5,0.8457
2016-08-01 00:00:00,-2.5,107.5,0.874
2016-08-01 00:00:00,-2.5,112.5,0.7746
2016-08-01 00:00:00,-2.5,117.5,0.7374
2016-08-01 00:00:00,-2.5,122.5,0.597
2016-08-01 00:00:00,-2.5,127.5,0.5815
2016-08-01 00:00:00,-2.5,132.5,0.606
2016-08-01 00:00:00,-2.5,137.5,0.6101
2016-08-01 00:00:00,-2.5,142.5,0.6735
2016-08-01 00:00:00,-2.5,147.5,0.7481
2016-08-01 00:00:00,-2.5,152.5,0.7438
2016-08-01 00:00:00,-2.5,157.5,0.7767
2016-08-01 00:00:00,-2.5,162.5,0.8074
2016-08-01 00:00:00,-2.5,167.5,0.7419
2016-08-01 00:00:00,-2.5,172.5,0.724
2016-08-01 00:00:00,-2.5,177.5,0.5218
2016-08-01 00:00:00,-2.5,182.5,0.3577
2016-08-01 00:00:00,-2.5,187.5,0.0824
2016-08-01 00:00:00,-2.5,192.5,-0.1646
2016-08-01 00:00:00,-2.5,197.5,-0.3635
2016-08-01 00:00:00,-2.5,202.5,-0.461
2016-08-01 00:00:00,-2.5,207.5,-0.5152
2016-08-01 00:00:00,-2.5,212.5,-0.5074
2016-08-01 00:00:00,-2.5,217.5,-0.5025
2016-08-01 00:00:00,-2.5,222.5,-0.5629
2016-08-01 00:00:00,-2.5,227.5,-0.5969
2016-08-01 00:00:00,-2.5,232.5,-0.5784
2016-08-01 00:00:00,-2.5,237.5,-0.5212
2016-08-01 00:00:00,-2.5,242.5,-0.4535
2016-08-01 00:00:00,-2.5,247.5,-0.3843
2016-08-01 00:00:00,-2.5,252.5,-0.273
2016-08-01 00:00:00,-2.5,257.5,-0.0902
2016-08-01 00:00:00,-2.5,262.5,0.0897
2016-08-01 00:00:00,-2.5,267.5,0.1613
2016-08-01 00:00:00,-2.5,272.5,0.3018
2016-08-01 00:00:00,-2.5,277.5,0.2377
2016-08-01 00:00:00,-2.5,282.5,1.2313
2016-08-01 00:00:00,-2.5,287.5,1.0581
2016-08-01 00:00:00,-2.5,292.5,0.9162
2016-08-01 00:00:00,-2.5,297.5,1.1103
2016-08-01 00:00:00,-2.5,302.5,0.9346
2016-08-01 00:00:00,-2.5,307.5,1.0853
2016-08-01 00:00:00,-2.5,312.5,1.0545
2016-08-01 00:00:00,-2.5,317.5,0.609
2016-08-01 00:00:00,-2.5,322.5,0.4257
2016-08-01 00:00:00,-2.5,327.5,0.4702
2016-08-01 00:00:00,-2.5,332.5,0.5214
2016-08-01 00:00:00,-2.5,337.5,0.4988
2016-08-01 00:00:00,-2.5,342.5,0.4367
2016-08-01 00:00:00,-2.5,347.5,0.4251
2016-08-01 00:00:00,-2.5,352.5,0.5436
2016-08-01 00:00:00,-2.5,357.5,0.79
2016-08-01 00:00:00,2.5,2.5,0.6308
2016-08-01 00:00:00,2.5,7.5,0.6628
2016-08-01 00:00:00,2.5,12.5,0.6934
2016-08-01 00:00:00,2.5,17.5,0.9473
2016-08-01 00:00:00,2.5,22.5,1.2312
2016-08-01 00:00:00,2.5,27.5,1.2338
2016-08-01 00:00:00,2.5,32.5,1.0434
2016-08-01 00:00:00,2.5,37.5,0.6455
2016-08-01 00:00:00,2.5,42.5,0.5329
2016-08-01 00:00:00,2.5,47.5,0.5093
2016-08-01 00:00:00,2.5,52.5,0.5207
2016-08-01 00:00:00,2.5,57.5,0.4998
2016-08-01 00:00:00,2.5,62.5,0.52
2016-08-01 00:00:00,2.5,67.5,0.5093
2016-08-01 00:00:00,2.5,72.5,0.4472
2016-08-01 00:00:00,2.5,77.5,0.3424
2016-08-01 00:00:00,2.5,82.5,0.2818
2016-08-01 00:00:00,2.5,87.5,0.2788
2016-08-01 00:00:00,2.5,92.5,0.3324
2016-08-01 00:00:00,2.5,97.5,0.6394
2016-08-01 00:00:00,2.5,102.5,0.875
2016-08-01 00:00:00,2.5,107.5,0.6756
2016-08-01 00:00:00,2.5,112.5,0.6783
2016-08-01 00:00:00,2.5,117.5,0.5709
2016-08-01 00:00:00,2.5,122.5,0.5612
2016-08-01 00:00:00,2.5,127.5,0.6576
2016-08-01 00:00:00,2.5,132.5,0.7382
2016-08-01 00:00:00,2.5,137.5,0.8057
2016-08-01 00:00:00,2.5,142.5,0.8385
2016-08-01 00:00:00,2.5,147.5,0.8377
2016-08-01 00:00:00,2.5,152.5,0.8328
2016-08-01 00:00:00,2.5,157.5,0.8604
2016-08-01 00:00:00,2.5,162.5,0.9
2016-08-01 00:00:00,2.5,167.5,0.9031
2016-08-01 00:00:00,2.5,172.5,0.7426
2016-08-01 00:00:00,2.5,177.5,0.6272
2016-08-01 00:00:00,2.5,182.5,0.4139
2016-08-01 00:00:00,2.5,187.5,0.1339
2016-08-01 00:00:00,2.5,192.5,-0.131
2016-08-01 00:00:00,2.5,197.5,-0.3485
2016-08-01 00:00:00,2.5,202.5,-0.4439
2016-08-01 00:00:00,2.5,207.5,-0.4517
2016-08-01 00:00:00,2.5,212.5,-0.4119
2016-08-01 00:00:00,2.5,217.5,-0.3746
2016-08-01 00:00:00,2.5,222.5,-0.4273
2016-08-01 00:00:00,2.5,227.5,-0.4469
2016-08-01 00:00:00,2.5,232.5,-0.4312
2016-08-01 00:00:00,2.5,237.5,-0.3887
2016-08-01 00:00:00,2.5,242.5,-0.3395
2016-08-01 00:00:00,2.5,247.5,-0.3148
2016-08-01 00:00:00,2.5,252.5,-0.2646
2016-08-01 00:00:00,2.5,257.5,-0.1402
2016-08-01 00:00:00,2.5,262.5,-0.0207
2016-08-01 00:00:00,2.5,267.5,0.0249
2016-08-01 00:00:00,2.5,272.5,0.0971
2016-08-01 00:00:00,2.5,277.5,0.2062
2016-08-01 00:00:00,2.5,282.5,0.9444
2016-08-01 00:00:00,2.5,287.5,1.1593
2016-08-01 00:00:00,2.5,292.5,1.0574
2016-08-01 00:00:00,2.5,297.5,0.7285
2016-08-01 00:00:00,2.5,302.5,0.8216
2016-08-01 00:00:00,2.5,307.5,1.0075
2016-08-01 00:00:00,2.5,312.5,0.3419
2016-08-01 00:00:00,2.5,317.5,0.2652
2016-08-01 00:00:00,2.5,322.5,0.359
2016-08-01 00:00:00,2.5,327.5,0.5171
2016-08-01 00:00:00,2.5,332.5,0.6086
2016-08-01 00:00:00,2.5,337.5,0.582
2016-08-01 00:00:00,2.5,342.5,0.4584
2016-08-01 00:00:00,2.5,347.5,0.3293
2016-08-01 00:00:00,2.5,352.5,0.336
2016-08-01 00:00:00,2.5,357.5,0.5175
2016-08-01 00:00:00,7.5,2.5,0.6573
2016-08-01 00:00:00,7.5,7.5,0.4345
2016-08-01 00:00:00,7.5,12.5,0.4525
2016-08-01 00:00:00,7.5,17.5,0.8188
2016-08-01 00:00:00,7.5,22.5,1.0098
2016-08-01 00:00:00,7.5,27.5,1.0541
2016-08-01 00:00:00,7.5,32.5,1.1216
2016-08-01 00:00:00,7.5,37.5,0.61
2016-08-01 00:00:00,7.5,42.5,0.2957
2016-08-01 00:00:00,7.5,47.5,0.1901
2016-08-01 00:00:00,7.5,52.5,0.2452
2016-08-01 00:00:00,7.5,57.5,0.219
2016-08-01 00:00:00,7.5,62.5,0.2567
2016-08-01 00:00:00,7.5,67.5,0.3281
2016-08-01 00:00:00,7.5,72.5,0.4239
2016-08-01 00:00:00,7.5,77.5,0.4424
2016-08-01 00:00:00,7.5,82.5,0.4736
2016-08-01 00:00:00,7.5,87.5,0.3642
2016-08-01 00:00:00,7.5,92.5,0.3436
2016-08-01 00:00:00,7.5,97.5,0.4184
2016-08-01 00:00:00,7.5,102.5,0.4687
2016-08-01 00:00:00,7.5,107.5,0.4922
2016-08-01 00:00:00,7.5,112.5,0.483
2016-08-01 00:00:00,7.5,117.5,0.5691
2016-08-01 00:00:00,7.5,122.5,0.6452
2016-08-01 00:00:00,7.5,127.5,0.7648
2016-08-01 00:00:00,7.5,132.5,0.852
2016-08-01 00:00:00,7.5,137.5,0.8863
2016-08-01 00:00:00,7.5,142.5,0.8645
2016-08-01 00:00:00,7.5,147.5,0.8352
2016-08-01 00:00:00,7.5,152.5,0.8061
2016-08-01 00:00:00,7.5,157.5,0.8429
2016-08-01 00:00:00,7.5,162.5,0.8643
2016-08-01 00:00:00,7.5,167.5,0.9143
2016-08-01 00:00:00,7.5,172.5,0.8836
2016-08-01 00:00:00,7.5,177.5,0.8953
2016-08-01 00:00:00,7.5,182.5,0.8359
2016-08-01 00:00:00,7.5,187.5,0.7193
2016-08-01 00:00:00,7.5,192.5,0.5648
2016-08-01 00:00:00,7.5,197.5,0.4325
2016-08-01 00:00:00,7.5,202.5,0.4028
2016-08-01 00:00:00,7.5,207.5,0.4439
2016-08-01 00:00:00,7.5,212.5,0.4896
2016-08-01 00:00:00,7.5,217.5,0.5259
2016-08-01 00:00:00,7.5,222.5,0.4908
2016-08-01 00:00:00,7.5,227.5,0.4347
2016-08-01 00:00:00,7.5,232.5,0.3727
2016-08-01 00:00:00,7.5,237.5,0.3021
2016-08-01 00:00:00,7.5,242.5,0.2946
2016-08-01 00:00:00,7.5,247.5,0.2828
2016-08-01 00:00:00,7.5,252.5,0.2551
2016-08-01 00:00:00,7.5,257.5,0.2585
2016-08-01 00:00:00,7.5,262.5,0.2379
2016-08-01 00:00:00,7.5,267.5,0.1897
2016-08-01 00:00:00,7.5,272.5,0.2483
2016-08-01 00:00:00,7.5,277.5,0.5202
2016-08-01 00:00:00,7.5,282.5,0.7582
2016-08-01 00:00:00,7.5,287.5,1.2499
2016-08-01 00:00:00,7.5,292.5,1.2585
2016-08-01 00:00:00,7.5,297.5,0.8311
2016-08-01 00:00:00,7.5,302.5,0.9406
2016-08-01 00:00:00,7.5,307.5,0.7452
2016-08-01 00:00:00,7.5,312.5,0.5912
2016-08-01 00:00:00,7.5,317.5,0.471
2016-08-01 00:00:00,7.5,322.5,0.521
2016-08-01 00:00:00,7.5,327.5,0.6589
2016-08-01 00:00:00,7.5,332.5,0.7425
2016-08-01 00:00:00,7.5,337.5,0.6898
2016-08-01 00:00:00,7.5,342.5,0.5476
2016-08-01 00:00:00,7.5,347.5,0.4107
2016-08-01 00:00:00,7.5,352.5,0.5394
2016-08-01 00:00:00,7.5,357.5,0.684
2016-08-01 00:00:00,12.5,2.5,0.4767
2016-08-01 00:00:00,12.5,7.5,0.4457
2016-08-01 00:00:00,12.5,12.5,0.1754
2016-08-01 00:00:00,12.5,17.5,0.4144
2016-08-01 00:00:00,12.5,22.5,0.4946
2016-08-01 00:00:00,12.5,27.5,0.6234
2016-08-01 00:00:00,12.5,32.5,0.8796
2016-08-01 00:00:00,12.5,37.5,0.9559
2016-08-01 00:00:00,12.5,42.5,0.6602
2016-08-01 00:00:00,12.5,47.5,0.2469
2016-08-01 00:00:00,12.5,52.5,0.0018
2016-08-01 00:00:00,12.5,57.5,0.0342
2016-08-01 00:00:00,12.5,62.5,0.1403
2016-08-01 00:00:00,12.5,67.5,0.2596
2016-08-01 00:00:00,12.5,72.5,0.3872
2016-08-01 00:00:00,12.5,77.5,0.8784
2016-08-01 00:00:00,12.5,82.5,0.6188
2016-08-01 00:00:00,12.5,87.5,0.5639
2016-08-01 00:00:00,12.5,92.5,0.5541
2016-08-01 00:00:00,12.5,97.5,0.4543
2016-08-01 00:00:00,12.5,102.5,0.5227
2016-08-01 00:00:00,12.5,107.5,0.7424
2016-08-01 00:00:00,12.5,112.5,0.5167
2016-08-01 00:00:00,12.5,117.5,0.5337
2016-08-01 00:00:00,12.5,122.5,0.6602
2016-08-01 00:00:00,12.5,127.5,0.7786
2016-08-01 00:00:00,12.5,132.5,0.8905
2016-08-01 00:00:00,12.5,137.5,0.9026
2016-08-01 00:00:00,12.5,142.5,0.8379
2016-08-01 00:00:00,12.5,147.5,0.7497
2016-08-01 00:00:00,12.5,152.5,0.6342
2016-08-01 00:00:00,12.5,157.5,0.6062
2016-08-01 00:00:00,12.5,162.5,0.6295
2016-08-01 00:00:00,12.5,167.5,0.7315
2016-08-01 00:00:00,12.5,172.5,0.8672
2016-08-01 00:00:00,12.5,177.5,1.0002
2016-08-01 00:00:00,12.5,182.5,1.0822
2016-08-01 00:00:00,12.5,187.5,1.1169
2016-08-01 00:00:00,12.5,192.5,1.0948
2016-08-01 00:00:00,12.5,197.5,1.0914
2016-08-01 00:00:00,12.5,202.5,1.1448
2016-08-01 00:00:00,12.5,207.5,1.2277
2016-08-01 00:00:00,12.5,212.5,1.2728
2016-08-01 00:00:00,12.5,217.5,1.2938
2016-08-01 00:00:00,12.5,222.5,1.2606
2016-08-01 00:00:00,12.5,227.5,1.1264
2016-08-01 00:00:00,12.5,232.5,0.9102
2016-08-01 00:00:00,12.5,237.5,0.6886
2016-08-01 00:00:00,12.5,242.5,0.6127
2016-08-01 00:00:00,12.5,247.5,0.6187
2016-08-01 00:00:00,12.5,252.5,0.6254
2016-08-01 00:00:00,12.5,257.5,0.5755
2016-08-01 00:00:00,12.5,262.5,0.4478
2016-08-01 00:00:00,12.5,267.5,0.3634
2016-08-01 00:00:00,12.5,272.5,0.4876
2016-08-01 00:00:00,12.5,277.5,0.7582
2016-08-01 00:00:00,12.5,282.5,0.8612
2016-08-01 00:00:00,12.5,287.5,0.9777
2016-08-01 00:00:00,12.5,292.5,0.9747
2016-08-01 00:00:00,12.5,297.5,1.0295
2016-08-01 00:00:00,12.5,302.5,0.9972
2016-08-01 00:00:00,12.5,307.5,0.8955
2016-08-01 00:00:00,12.5,312.5,0.7931
2016-08-01 00:00:00,12.5,317.5,0.6759
2016-08-01 00:00:00,12.5,322.5,0.6435
2016-08-01 00:00:00,12.5,327.5,0.7086
2016-08-01 00:00:00,12.5,332.5,0.7621
2016-08-01 00:00:00,12.5,337.5,0.7132
2016-08-01 00:00:00,12.5,342.5,0.6653
2016-08-01 00:00:00,12.5,347.5,0.6145
2016-08-01 00:00:00,12.5,352.5,0.5616
2016-08-01 00:00:00,12.5,357.5,0.5921
2016-08-01 00:00:00,17.5,2.5,0.1928
2016-08-01 00:00:00,17.5,7.5,0.3533
2016-08-01 00:00:00,17.5,12.5,0.3216
2016-08-01 00:00:00,17.5,17.5,0.6853
2016-08-01 00:00:00,17.5,22.5,0.9152
2016-08-01 00:00:00,17.5,27.5,1.0361
2016-08-01 00:00:00,17.5,32.5,1.3183
2016-08-01 00:00:00,17.5,37.5,1.2223
2016-08-01 00:00:00,17.5,42.5,1.1385
2016-08-01 00:00:00,17.5,47.5,0.4785
2016-08-01 00:00:00,17.5,52.5,0.0499
2016-08-01 00:00:00,17.5,57.5,0.1325
2016-08-01 00:00:00,17.5,62.5,0.3553
2016-08-01 00:00:00,17.5,67.5,0.461
2016-08-01 00:00:00,17.5,72.5,0.4768
2016-08-01 00:00:00,17.5,77.5,0.6843
2016-08-01 00:00:00,17.5,82.5,0.7257
2016-08-01 00:00:00,17.5,87.5,0.7444
2016-08-01 00:00:00,17.5,92.5,0.6283
2016-08-01 00:00:00,17.5,97.5,0.4765
2016-08-01 00:00:00,17.5,102.5,0.7812
2016-08-01 00:00:00,17.5,107.5,0.7477
2016-08-01 00:00:00,17.5,112.5,0.6455
2016-08-01 00:00:00,17.5,117.5,0.595
2016-08-01 00:00:00,17.5,122.5,0.7245
2016-08-01 00:00:00,17.5,127.5,0.9088
2016-08-01 00:00:00,17.5,132.5,1.0433
2016-08-01 00:00:00,17.5,137.5,1.0158
2016-08-01 00:00:00,17.5,142.5,0.8166
2016-08-01 00:00:00,17.5,147.5,0.5124
2016-08-01 00:00:00,17.5,152.5,0.2399
2016-08-01 00:00:00,17.5,157.5,0.089
2016-08-01 00:00:00,17.5,162.5,0.0875
2016-08-01 00:00:00,17.5,167.5,0.2684
2016-08-01 00:00:00,17.5,172.5,0.4615
2016-08-01 00:00:00,17.5,177.5,0.6899
2016-08-01 00:00:00,17.5,182.5,0.8387
2016-08-01 00:00:00,17.5,187.5,0.948
2016-08-01 00:00:00,17.5,192.5,0.9456
2016-08-01 00:00:00,17.5,197.5,1.0524
2016-08-01 00:00:00,17.5,202.5,1.0248
2016-08-01 00:00:00,17.5,207.5,1.2042
2016-08-01 00:00:00,17.5,212.5,1.2866
2016-08-01 00:00:00,17.5,217.5,1.362
2016-08-01 00:00:00,17.5,222.5,1.3939
2016-08-01 00:00:00,17.5,227.5,1.2873
2016-08-01 00:00:00,17.5,232.5,1.0003
2016-08-01 00:00:00,17.5,237.5,0.6895
2016-08-01 00:00:00,17.5,242.5,0.6131
2016-08-01 00:00:00,17.5,247.5,0.7341
2016-08-01 00:00:00,17.5,252.5,0.8515
2016-08-01 00:00:00,17.5,257.5,0.5537
2016-08-01 00:00:00,17.5,262.5,0.4165
2016-08-01 00:00:00,17.5,267.5,0.5311
2016-08-01 00:00:00,17.5,272.5,0.7218
2016-08-01 00:00:00,17.5,277.5,0.783
2016-08-01 00:00:00,17.5,282.5,0.8791
2016-08-01 00:00:00,17.5,287.5,0.9037
2016-08-01 00:00:00,17.5,292.5,0.9366
2016-08-01 00:00:00,17.5,297.5,0.9822
2016-08-01 00:00:00,17.5,302.5,0.96
2016-08-01 00:00:00,17.5,307.5,0.8567
2016-08-01 00:00:00,17.5,312.5,0.7376
2016-08-01 00:00:00,17.5,317.5,0.6106
2016-08-01 00:00:00,17.5,322.5,0.5433
2016-08-01 00:00:00,17.5,327.5,0.5367
2016-08-01 00:00:00,17.5,332.5,0.5474
2016-08-01 00:00:00,17.5,337.5,0.5327
2016-08-01 00:00:00,17.5,342.5,0.557
2016-08-01 00:00:00,17.5,347.5,0.1967
2016-08-01 00:00:00,17.5,352.5,0.073
2016-08-01 00:00:00,17.5,357.5,0.0607
2016-08-01 00:00:00,22.5,2.5,0.3551
2016-08-01 00:00:00,22.5,7.5,0.2499
2016-08-01 00:00:00,22.5,12.5,0.559
2016-08-01 00:00:00,22.5,17.5,1.146
2016-08-01 00:00:00,22.5,22.5,1.4511
2016-08-01 00:00:00,22.5,27.5,1.419
2016-08-01 00:00:00,22.5,32.5,1.6126
2016-08-01 00:00:00,22.5,37.5,1.37
2016-08-01 00:00:00,22.5,42.5,1.5874
2016-08-01 00:00:00,22.5,47.5,1.0085
2016-08-01 00:00:00,22.5,52.5,0.3442
2016-08-01 00:00:00,22.5,57.5,0.2102
2016-08-01 00:00:00,22.5,62.5,0.6697
2016-08-01 00:00:00,22.5,67.5,0.6449
2016-08-01 00:00:00,22.5,72.5,-0.0421
2016-08-01 00:00:00,22.5,77.5,0.3097
2016-08-01 00:00:00,22.5,82.5,0.4385
2016-08-01 00:00:00,22.5,87.5,0.5308
2016-08-01 00:00:00,22.5,92.5,0.6471
2016-08-01 00:00:00,22.5,97.5,0.9626
2016-08-01 00:00:00,22.5,102.5,1.082
2016-08-01 00:00:00,22.5,107.5,0.5876
2016-08-01 00:00:00,22.5,112.5,0.6418
2016-08-01 00:00:00,22.5,117.5,0.6707
2016-08-01 00:00:00,22.5,122.5,0.8584
2016-08-01 00:00:00,22.5,127.5,1.1389
2016-08-01 00:00:00,22.5,132.5,1.2945
2016-08-01 00:00:00,22.5,137.5,1.1625
2016-08-01 00:00:00,22.5,142.5,0.7745
2016-08-01 00:00:00,22.5,147.5,0.2762
2016-08-01 00:00:00,22.5,152.5,-0.0782
2016-08-01 00:00:00,22.5,157.5,-0.2833
2016-08-01 00:00:00,22.5,162.5,-0.2869
2016-08-01 00:00:00,22.5,167.5,-0.141
2016-08-01 00:00:00,22.5,172.5,0.0867
2016-08-01 00:00:00,22.5,177.5,0.2938
2016-08-01 00:00:00,22.5,182.5,0.4003
2016-08-01 00:00:00,22.5,187.5,0.4742
2016-08-01 00:00:00,22.5,192.5,0.5369
2016-08-01 00:00:00,22.5,197.5,0.5779
2016-08-01 00:00:00,22.5,202.5,0.4867
2016-08-01 00:00:00,22.5,207.5,0.4573
2016-08-01 00:00:00,22.5,212.5,0.4727
2016-08-01 00:00:00,22.5,217.5,0.6162
2016-08-01 00:00:00,22.5,222.5,0.8208
2016-08-01 00:00:00,22.5,227.5,0.9341
2016-08-01 00:00:00,22.5,232.5,0.8088
2016-08-01 00:00:00,22.5,237.5,0.6044
2016-08-01 00:00:00,22.5,242.5,0.642
2016-08-01 00:00:00,22.5,247.5,0.8871
2016-08-01 00:00:00,22.5,252.5,1.1176
2016-08-01 00:00:00,22.5,257.5,0.4162
2016-08-01 00:00:00,22.5,262.5,0.6188
2016-08-01 00:00:00,22.5,267.5,0.734
2016-08-01 00:00:00,22.5,272.5,0.6797
2016-08-01 00:00:00,22.5,277.5,0.7663
2016-08-01 00:00:00,22.5,282.5,0.8812
2016-08-01 00:00:00,22.5,287.5,0.9301
2016-08-01 00:00:00,22.5,292.5,1.0159
2016-08-01 00:00:00,22.5,297.5,1.0279
2016-08-01 00:00:00,22.5,302.5,0.9443
2016-08-01 00:00:00,22.5,307.5,0.7584
2016-08-01 00:00:00,22.5,312.5,0.5642
2016-08-01 00:00:00,22.5,317.5,0.4583
2016-08-01 00:00:00,22.5,322.5,0.4045
2016-08-01 00:00:00,22.5,327.5,0.3068
2016-08-01 00:00:00,22.5,332.5,0.2209
2016-08-01 00:00:00,22.5,337.5,0.1943
2016-08-01 00:00:00,22.5,342.5,0.2763
2016-08-01 00:00:00,22.5,347.5,0.647
2016-08-01 00:00:00,22.5,352.5,0.5019
2016-08-01 00:00:00,22.5,357.5,0.4554
2016-08-01 00:00:00,27.5,2.5,0.7425
2016-08-01 00:00:00,27.5,7.5,0.6266
2016-08-01 00:00:00,27.5,12.5,0.582
2016-08-01 00:00:00,27.5,17.5,0.7186
2016-08-01 00:00:00,27.5,22.5,1.4332
2016-08-01 00:00:00,27.5,27.5,1.7729
2016-08-01 00:00:00,27.5,32.5,1.5228
2016-08-01 00:00:00,27.5,37.5,1.6233
2016-08-01 00:00:00,27.5,42.5,1.7759
2016-08-01 00:00:00,27.5,47.5,1.1976
2016-08-01 00:00:00,27.5,52.5,1.4694
2016-08-01 00:00:00,27.5,57.5,0.5639
2016-08-01 00:00:00,27.5,62.5,0.2936
2016-08-01 00:00:00,27.5,67.5,0.2951
2016-08-01 00:00:00,27.5,72.5,-0.4935
2016-08-01 00:00:00,27.5,77.5,0.3924
2016-08-01 00:00:00,27.5,82.5,0.2771
2016-08-01 00:00:00,27.5,87.5,0.3973
2016-08-01 00:00:00,27.5,92.5,1.0764
2016-08-01 00:00:00,27.5,97.5,1.1231
2016-08-01 00:00:00,27.5,102.5,1.7801
2016-08-01 00:00:00,27.5,107.5,1.2032
2016-08-01 00:00:00,27.5,112.5,0.7833
2016-08-01 00:00:00,27.5,117.5,0.9846
2016-08-01 00:00:00,27.5,122.5,1.1288
2016-08-01 00:00:00,27.5,127.5,1.3831
2016-08-01 00:00:00,27.5,132.5,1.4907
2016-08-01 00:00:00,27.5,137.5,1.2424
2016-08-01 00:00:00,27.5,142.5,0.7019
2016-08-01 00:00:00,27.5,147.5,0.1659
2016-08-01 00:00:00,27.5,152.5,-0.1398
2016-08-01 00:00:00,27.5,157.5,-0.2018
2016-08-01 00:00:00,27.5,162.5,-0.1554
2016-08-01 00:00:00,27.5,167.5,-0.0159
2016-08-01 00:00:00,27.5,172.5,0.1175
2016-08-01 00:00:00,27.5,177.5,0.092
2016-08-01 00:00:00,27.5,182.5,-0.0006
2016-08-01 00:00:00,27.5,187.5,-0.0507
2016-08-01 00:00:00,27.5,192.5,0.0644
2016-08-01 00:00:00,27.5,197.5,0.1123
2016-08-01 00:00:00,27.5,202.5,-0.0695
2016-08-01 00:00:00,27.5,207.5,-0.4155
2016-08-01 00:00:00,27.5,212.5,-0.5981
2016-08-01 00:00:00,27.5,217.5,-0.461
2016-08-01 00:00:00,27.5,222.5,-0.0893
2016-08-01 00:00:00,27.5,227.5,0.3178
2016-08-01 00:00:00,27.5,232.5,0.4646
2016-08-01 00:00:00,27.5,237.5,0.4928
2016-08-01 00:00:00,27.5,242.5,0.7192
2016-08-01 00:00:00,27.5,247.5,0.8137
2016-08-01 00:00:00,27.5,252.5,-0.7294
2016-08-01 00:00:00,27.5,257.5,-0.1769
2016-08-01 00:00:00,27.5,262.5,0.5736
2016-08-01 00:00:00,27.5,267.5,0.9546
2016-08-01 00:00:00,27.5,272.5,0.8512
2016-08-01 00:00:00,27.5,277.5,0.9156
2016-08-01 00:00:00,27.5,282.5,1.0488
2016-08-01 00:00:00,27.5,287.5,1.2812
2016-08-01 00:00:00,27.5,292.5,1.4444
2016-08-01 00:00:00,27.5,297.5,1.4837
2016-08-01 00:00:00,27.5,302.5,1.287
2016-08-01 00:00:00,27.5,307.5,0.9167
2016-08-01 00:00:00,27.5,312.5,0.6311
2016-08-01 00:00:00,27.5,317.5,0.5136
2016-08-01 00:00:00,27.5,322.5,0.4727
2016-08-01 00:00:00,27.5,327.5,0.332
2016-08-01 00:00:00,27.5,332.5,0.1458
2016-08-01 00:00:00,27.5,337.5,0.018
2016-08-01 00:00:00,27.5,342.5,0.1256
2016-08-01 00:00:00,27.5,347.5,0.4624
2016-08-01 00:00:00,27.5,352.5,0.8473
2016-08-01 00:00:00,27.5,357.5,0.7712
2016-08-01 00:00:00,32.5,2.5,0.2375
2016-08-01 00:00:00,32.5,7.5,0.1097
2016-08-01 00:00:00,32.5,12.5,0.0464
2016-08-01 00:00:00,32.5,17.5,0.2904
2016-08-01 00:00:00,32.5,22.5,0.8291
2016-08-01 00:00:00,32.5,27.5,1.285
2016-08-01 00:00:00,32.5,32.5,1.578
2016-08-01 00:00:00,32.5,37.5,2.3806
2016-08-01 00:00:00,32.5,42.5,2.0253
2016-08-01 00:00:00,32.5,47.5,1.7512
2016-08-01 00:00:00,32.5,52.5,0.7041
2016-08-01 00:00:00,32.5,57.5,0.9705
2016-08-01 00:00:00,32.5,62.5,0.4259
2016-08-01 00:00:00,32.5,67.5,-0.14
2016-08-01 00:00:00,32.5,72.5,0.2494
2016-08-01 00:00:00,32.5,77.5,-0.2321
2016-08-01 00:00:00,32.5,82.5,-0.0499
2016-08-01 00:00:00,32.5,87.5,0.4538
2016-08-01 00:00:00,32.5,92.5,1.8279
2016-08-01 00:00:00,32.5,97.5,2.3956
2016-08-01 00:00:00,32.5,102.5,2.1776
2016-08-01 00:00:00,32.5,107.5,2.0338
2016-08-01 00:00:00,32.5,112.5,1.6764
2016-08-01 00:00:00,32.5,117.5,1.2901
2016-08-01 00:00:00,32.5,122.5,1.5211
2016-08-01 00:00:00,32.5,127.5,1.7503
2016-08-01 00:00:00,32.5,132.5,1.7692
2016-08-01 00:00:00,32.5,137.5,1.2619
2016-08-01 00:00:00,32.5,142.5,0.623
2016-08-01 00:00:00,32.5,147.5,0.1743
2016-08-01 00:00:00,32.5,152.5,0.0903
2016-08-01 00:00:00,32.5,157.5,0.2102
2016-08-01 00:00:00,32.5,162.5,0.2959
2016-08-01 00:00:00,32.5,167.5,0.3859
2016-08-01 00:00:00,32.5,172.5,0.4871
2016-08-01 00:00:00,32.5,177.5,0.3873
2016-08-01 00:00:00,32.5,182.5,0.1783
2016-08-01 00:00:00,32.5,187.5,0.0456
2016-08-01 00:00:00,32.5,192.5,0.1817
2016-08-01 00:00:00,32.5,197.5,0.4014
2016-08-01 00:00:00,32.5,202.5,0.3238
2016-08-01 00:00:00,32.5,207.5,-0.1473
2016-08-01 00:00:00,32.5,212.5,-0.5448
2016-08-01 00:00:00,32.5,217.5,-0.5797
2016-08-01 00:00:00,32.5,222.5,-0.342
2016-08-01 00:00:00,32.5,227.5,0.0026
2016-08-01 00:00:00,32.5,232.5,0.1586
2016-08-01 00:00:00,32.5,237.5,0.2406
2016-08-01 00:00:00,32.5,242.5,0.6669
2016-08-01 00:00:00,32.5,247.5,0.4143
2016-08-01 00:00:00,32.5,252.5,-0.1529
2016-08-01 00:00:00,32.5,257.5,0.0001
2016-08-01 00:00:00,32.5,262.5,0.2244
2016-08-01 00:00:00,32.5,267.5,0.7596
2016-08-01 00:00:00,32.5,272.5,1.1285
2016-08-01 00:00:00,32.5,277.5,1.5112
2016-08-01 00:00:00,32.5,282.5,1.4193
2016-08-01 00:00:00,32.5,287.5,1.6821
2016-08-01 00:00:00,32.5,292.5,1.86
2016-08-01 00:00:00,32.5,297.5,1.7069
2016-08-01 00:00:00,32.5,302.5,1.4498
2016-08-01 00:00:00,32.5,307.5,0.9761
2016-08-01 00:00:00,32.5,312.5,0.7095
2016-08-01 00:00:00,32.5,317.5,0.6626
2016-08-01 00:00:00,32.5,322.5,0.6904
2016-08-01 00:00:00,32.5,327.5,0.6459
2016-08-01 00:00:00,32.5,332.5,0.4925
2016-08-01 00:00:00,32.5,337.5,0.3472
2016-08-01 00:00:00,32.5,342.5,0.3735
2016-08-01 00:00:00,32.5,347.5,0.4699
2016-08-01 00:00:00,32.5,352.5,1.6534
2016-08-01 00:00:00,32.5,357.5,0.8902
2016-08-01 00:00:00,37.5,2.5,0.8341
2016-08-01 00:00:00,37.5,7.5,0.2616
2016-08-01 00:00:00,37.5,12.5,0.2529
2016-08-01 00:00:00,37.5,17.5,0.271
2016-08-01 00:00:00,37.5,22.5,0.6729
2016-08-01 00:00:00,37.5,27.5,1.3172
2016-08-01 00:00:00,37.5,32.5,2.1234
2016-08-01 00:00:00,37.5,37.5,2.3627
2016-08-01 00:00:00,37.5,42.5,2.5119
2016-08-01 00:00:00,37.5,47.5,2.1138
2016-08-01 00:00:00,37.5,52.5,1.3636
2016-08-01 00:00:00,37.5,57.5,1.1436
2016-08-01 00:00:00,37.5,62.5,0.9394
2016-08-01 00:00:00,37.5,67.5,0.9956
2016-08-01 00:00:00,37.5,72.5,0.325
2016-08-01 00:00:00,37.5,77.5,-1.0262
2016-08-01 00:00:00,37.5,82.5,0.1324
2016-08-01 00:00:00,37.5,87.5,0.1319
2016-08-01 00:00:00,37.5,92.5,0.8239
2016-08-01 00:00:00,37.5,97.5,1.8124
2016-08-01 00:00:00,37.5,102.5,2.4667
2016-08-01 00:00:00,37.5,107.5,2.0962
2016-08-01 00:00:00,37.5,112.5,2.1681
2016-08-01 00:00:00,37.5,117.5,1.8156
2016-08-01 00:00:00,37.5,122.5,1.9172
2016-08-01 00:00:00,37.5,127.5,2.1002
2016-08-01 00:00:00,37.5,132.5,2.0202
2016-08-01 00:00:00,37.5,137.5,1.4049
2016-08-01 00:00:00,37.5,142.5,0.8349
2016-08-01 00:00:00,37.5,147.5,0.5659
2016-08-01 00:00:00,37.5,152.5,0.7807
2016-08-01 00:00:00,37.5,157.5,1.0308
2016-08-01 00:00:00,37.5,162.5,1.0529
2016-08-01 00:00:00,37.5,167.5,0.9967
2016-08-01 00:00:00,37.5,172.5,0.9856
2016-08-01 00:00:00,37.5,177.5,0.8636
2016-08-01 00:00:00,37.5,182.5,0.6825
2016-08-01 00:00:00,37.5,187.5,0.6708
2016-08-01 00:00:00,37.5,192.5,0.894
2016-08-01 00:00:00,37.5,197.5,1.2907
2016-08-01 00:00:00,37.5,202.5,1.5591
2016-08-01 00:00:00,37.5,207.5,1.3523
2016-08-01 00:00:00,37.5,212.5,0.932
2016-08-01 00:00:00,37.5,217.5,0.597
2016-08-01 00:00:00,37.5,222.5,0.3609
2016-08-01 00:00:00,37.5,227.5,0.1495
2016-08-01 00:00:00,37.5,232.5,-0.084
2016-08-01 00:00:00,37.5,237.5,-0.1171
2016-08-01 00:00:00,37.5,242.5,1.3425
2016-08-01 00:00:00,37.5,247.5,0.1945
2016-08-01 00:00:00,37.5,252.5,-0.6178
2016-08-01 00:00:00,37.5,257.5,-0.5021
2016-08-01 00:00:00,37.5,262.5,-0.0418
2016-08-01 00:00:00,37.5,267.5,0.634
2016-08-01 00:00:00,37.5,272.5,1.626
2016-08-01 00:00:00,37.5,277.5,2.2606
2016-08-01 00:00:00,37.5,282.5,2.1211
2016-08-01 00:00:00,37.5,287.5,2.0458
2016-08-01 00:00:00,37.5,292.5,2.1561
2016-08-01 00:00:00,37.5,297.5,1.8763
2016-08-01 00:00:00,37.5,302.5,1.286
2016-08-01 00:00:00,37.5,307.5,0.6635
2016-08-01 00:00:00,37.5,312.5,0.4112
2016-08-01 00:00:00,37.5,317.5,0.4645
2016-08-01 00:00:00,37.5,322.5,0.6347
2016-08-01 00:00:00,37.5,327.5,0.8417
2016-08-01 00:00:00,37.5,332.5,0.9413
2016-08-01 00:00:00,37.5,337.5,0.8888
2016-08-01 00:00:00,37.5,342.5,0.8383
2016-08-01 00:00:00,37.5,347.5,0.8775
2016-08-01 00:00:00,37.5,352.5,1.4018
2016-08-01 00:00:00,37.5,357.5,1.076
2016-08-01 00:00:00,42.5,2.5,0.9307
2016-08-01 00:00:00,42.5,7.5,0.5543
2016-08-01 00:00:00,42.5,12.5,0.313
2016-08-01 00:00:00,42.5,17.5,0.1779
2016-08-01 00:00:00,42.5,22.5,0.9648
2016-08-01 00:00:00,42.5,27.5,1.9265
2016-08-01 00:00:00,42.5,32.5,1.9573
2016-08-01 00:00:00,42.5,37.5,2.1839
2016-08-01 00:00:00,42.5,42.5,2.2365
2016-08-01 00:00:00,42.5,47.5,2.1442
2016-08-01 00:00:00,42.5,52.5,1.6485
2016-08-01 00:00:00,42.5,57.5,2.0995
2016-08-01 00:00:00,42.5,62.5,1.5018
2016-08-01 00:00:00,42.5,67.5,1.679
2016-08-01 00:00:00,42.5,72.5,0.9031
2016-08-01 00:00:00,42.5,77.5,0.1301
2016-08-01 00:00:00,42.5,82.5,0.2951
2016-08-01 00:00:00,42.5,87.5,0.2184
2016-08-01 00:00:00,42.5,92.5,1.1211
2016-08-01 00:00:00,42.5,97.5,1.8368
2016-08-01 00:00:00,42.5,102.5,2.4181
2016-08-01 00:00:00,42.5,107.5,3.3577
2016-08-01 00:00:00,42.5,112.5,3.6813
2016-08-01 00:00:00,42.5,117.5,2.7485
2016-08-01 00:00:00,42.5,122.5,1.8061
2016-08-01 00:00:00,42.5,127.5,1.4094
2016-08-01 00:00:00,42.5,132.5,1.9426
2016-08-01 00:00:00,42.5,137.5,1.7017
2016-08-01 00:00:00,42.5,142.5,1.4605
2016-08-01 00:00:00,42.5,147.5,1.3588
2016-08-01 00:00:00,42.5,152.5,1.5177
2016-08-01 00:00:00,42.5,157.5,1.7368
2016-08-01 00:00:00,42.5,162.5,1.7508
2016-08-01 00:00:00,42.5,167.5,1.6421
2016-08-01 00:00:00,42.5,172.5,1.4195
2016-08-01 00:00:00,42.5,177.5,1.11
2016-08-01 00:00:00,42.5,182.5,0.9601
2016-08-01 00:00:00,42.5,187.5,1.0358
2016-08-01 00:00:00,42.5,192.5,1.3077
2016-08-01 00:00:00,42.5,197.5,1.7873
2016-08-01 00:00:00,42.5,202.5,2.2683
2016-08-01 00:00:00,42.5,207.5,2.408
2016-08-01 00:00:00,42.5,212.5,2.2051
2016-08-01 00:00:00,42.5,217.5,1.7348
2016-08-01 00:00:00,42.5,222.5,1.1225
2016-08-01 00:00:00,42.5,227.5,0.4268
2016-08-01 00:00:00,42.5,232.5,-0.1628
2016-08-01 00:00:00,42.5,237.5,1.0323
2016-08-01 00:00:00,42.5,242.5,0.595
2016-08-01 00:00:00,42.5,247.5,0.622
2016-08-01 00:00:00,42.5,252.5,0.1676
2016-08-01 00:00:00,42.5,257.5,-0.315
2016-08-01 00:00:00,42.5,262.5,0.1183
2016-08-01 00:00:00,42.5,267.5,0.7933
2016-08-01 00:00:00,42.5,272.5,2.3424
2016-08-01 00:00:00,42.5,277.5,3.3349
2016-08-01 00:00:00,42.5,282.5,2.9676
2016-08-01 00:00:00,42.5,287.5,2.2805
2016-08-01 00:00:00,42.5,292.5,2.1894
2016-08-01 00:00:00,42.5,297.5,1.8812
2016-08-01 00:00:00,42.5,302.5,1.3248
2016-08-01 00:00:00,42.5,307.5,0.581
2016-08-01 00:00:00,42.5,312.5,0.1611
2016-08-01 00:00:00,42.5,317.5,0.0864
2016-08-01 00:00:00,42.5,322.5,0.2562
2016-08-01 00:00:00,42.5,327.5,0.5568
2016-08-01 00:00:00,42.5,332.5,0.7741
2016-08-01 00:00:00,42.5,337.5,0.9135
2016-08-01 00:00:00,42.5,342.5,0.9287
2016-08-01 00:00:00,42.5,347.5,0.8685
2016-08-01 00:00:00,42.5,352.5,1.2195
2016-08-01 00:00:00,42.5,357.5,1.3963
2016-08-01 00:00:00,47.5,2.5,1.0506
2016-08-01 00:00:00,47.5,7.5,1.1244
2016-08-01 00:00:00,47.5,12.5,0.778
2016-08-01 00:00:00,47.5,17.5,0.2272
2016-08-01 00:00:00,47.5,22.5,0.7819
2016-08-01 00:00:00,47.5,27.5,1.979
2016-08-01 00:00:00,47.5,32.5,2.1998
2016-08-01 00:00:00,47.5,37.5,2.8847
2016-08-01 00:00:00,47.5,42.5,3.5894
2016-08-01 00:00:00,47.5,47.5,3.7958
2016-08-01 00:00:00,47.5,52.5,3.312
2016-08-01 00:00:00,47.5,57.5,3.5243
2016-08-01 00:00:00,47.5,62.5,2.9782
2016-08-01 00:00:00,47.5,67.5,1.5999
2016-08-01 00:00:00,47.5,72.5,0.5322
2016-08-01 00:00:00,47.5,77.5,0.3484
2016-08-01 00:00:00,47.5,82.5,-0.1197
2016-08-01 00:00:00,47.5,87.5,0.2135
2016-08-01 00:00:00,47.5,92.5,0.3898
2016-08-01 00:00:00,47.5,97.5,1.6773
2016-08-01 00:00:00,47.5,102.5,1.8605
2016-08-01 00:00:00,47.5,107.5,2.7257
2016-08-01 00:00:00,47.5,112.5,3.2771
2016-08-01 00:00:00,47.5,117.5,2.386
2016-08-01 00:00:00,47.5,122.5,1.6309
2016-08-01 00:00:00,47.5,127.5,1.1481
2016-08-01 00:00:00,47.5,132.5,0.6559
2016-08-01 00:00:00,47.5,137.5,1.2851
2016-08-01 00:00:00,47.5,142.5,1.6076
2016-08-01 00:00:00,47.5,147.5,1.6226
2016-08-01 00:00:00,47.5,152.5,1.9133
2016-08-01 00:00:00,47.5,157.5,1.9165
2016-08-01 00:00:00,47.5,162.5,2.0071
2016-08-01 00:00:00,47.5,167.5,1.9301
2016-08-01 00:00:00,47.5,172.5,1.6647
2016-08-01 00:00:00,47.5,177.5,1.3397
2016-08-01 00:00:00,47.5,182.5,1.1951
2016-08-01 00:00:00,47.5,187.5,1.2842
2016-08-01 00:00:00,47.5,192.5,1.539
2016-08-01 00:00:00,47.5,197.5,1.9192
2016-08-01 00:00:00,47.5,202.5,2.2336
2016-08-01 00:00:00,47.5,207.5,2.3885
2016-08-01 00:00:00,47.5,212.5,2.0359
2016-08-01 00:00:00,47.5,217.5,1.8303
2016-08-01 00:00:00,47.5,222.5,1.2968
2016-08-01 00:00:00,47.5,227.5,0.6621
2016-08-01 00:00:00,47.5,232.5,0.1203
2016-08-01 00:00:00,47.5,237.5,0.8459
2016-08-01 00:00:00,47.5,242.5,0.5673
2016-08-01 00:00:00,47.5,247.5,0.1589
2016-08-01 00:00:00,47.5,252.5,-0.1477
2016-08-01 00:00:00,47.5,257.5,0.0599
2016-08-01 00:00:00,47.5,262.5,0.3101
2016-08-01 00:00:00,47.5,267.5,1.6554
2016-08-01 00:00:00,47.5,272.5,3.2671
2016-08-01 00:00:00,47.5,277.5,2.7982
2016-08-01 00:00:00,47.5,282.5,1.8644
2016-08-01 00:00:00,47.5,287.5,1.9142
2016-08-01 00:00:00,47.5,292.5,1.6407
2016-08-01 00:00:00,47.5,297.5,2.2114
2016-08-01 00:00:00,47.5,302.5,1.6678
2016-08-01 00:00:00,47.5,307.5,1.0029
2016-08-01 00:00:00,47.5,312.5,0.4995
2016-08-01 00:00:00,47.5,317.5,0.1793
2016-08-01 00:00:00,47.5,322.5,0.1192
2016-08-01 00:00:00,47.5,327.5,0.2739
2016-08-01 00:00:00,47.5,332.5,0.4368
2016-08-01 00:00:00,47.5,337.5,0.5514
2016-08-01 00:00:00,47.5,342.5,0.5811
2016-08-01 00:00:00,47.5,347.5,0.5344
2016-08-01 00:00:00,47.5,352.5,0.4389
2016-08-01 00:00:00,47.5,357.5,0.5815
2016-08-01 00:00:00,52.5,2.5,0.5097
2016-08-01 00:00:00,52.5,7.5,0.5289
2016-08-01 00:00:00,52.5,12.5,0.5194
2016-08-01 00:00:00,52.5,17.5,0.3266
2016-08-01 00:00:00,52.5,22.5,0.8096
2016-08-01 00:00:00,52.5,27.5,1.591
2016-08-01 00:00:00,52.5,32.5,2.0727
2016-08-01 00:00:00,52.5,37.5,2.9192
2016-08-01 00:00:00,52.5,42.5,3.8986
2016-08-01 00:00:00,52.5,47.5,4.8369
2016-08-01 00:00:00,52.5,52.5,5.157
2016-08-01 00:00:00,52.5,57.5,5.4758
2016-08-01 00:00:00,52.5,62.5,4.9071
2016-08-01 00:00:00,52.5,67.5,3.0464
2016-08-01 00:00:00,52.5,72.5,2.5251
2016-08-01 00:00:00,52.5,77.5,1.7506
2016-08-01 00:00:00,52.5,82.5,0.3723
2016-08-01 00:00:00,52.5,87.5,0.7745
2016-08-01 00:00:00,52.5,92.5,1.0639
2016-08-01 00:00:00,52.5,97.5,1.4965
2016-08-01 00:00:00,52.5,102.5,1.5906
2016-08-01 00:00:00,52.5,107.5,1.5018
2016-08-01 00:00:00,52.5,112.5,1.6676
2016-08-01 00:00:00,52.5,117.5,0.6366
2016-08-01 00:00:00,52.5,122.5,0.7559
2016-08-01 00:00:00,52.5,127.5,0.1238
2016-08-01 00:00:00,52.5,132.5,0.4916
2016-08-01 00:00:00,52.5,137.5,0.6928
2016-08-01 00:00:00,52.5,142.5,1.0802
2016-08-01 00:00:00,52.5,147.5,1.2135
2016-08-01 00:00:00,52.5,152.5,1.2296
2016-08-01 00:00:00,52.5,157.5,1.7008
2016-08-01 00:00:00,52.5,162.5,1.4314
2016-08-01 00:00:00,52.5,167.5,1.5068
2016-08-01 00:00:00,52.5,172.5,1.421
2016-08-01 00:00:00,52.5,177.5,1.5726
2016-08-01 00:00:00,52.5,182.5,1.631
2016-08-01 00:00:00,52.5,187.5,2.0034
2016-08-01 00:00:00,52.5,192.5,2.1044
2016-08-01 00:00:00,52.5,197.5,2.0549
2016-08-01 00:00:00,52.5,202.5,2.0026
2016-08-01 00:00:00,52.5,207.5,1.9138
2016-08-01 00:00:00,52.5,212.5,1.8012
2016-08-01 00:00:00,52.5,217.5,1.6043
2016-08-01 00:00:00,52.5,222.5,1.3682
2016-08-01 00:00:00,52.5,227.5,1.0161
2016-08-01 00:00:00,52.5,232.5,0.2899
2016-08-01 00:00:00,52.5,237.5,0.1989
2016-08-01 00:00:00,52.5,242.5,0.3679
2016-08-01 00:00:00,52.5,247.5,0.8856
2016-08-01 00:00:00,52.5,252.5,0.6466
2016-08-01 00:00:00,52.5,257.5,0.6804
2016-08-01 00:00:00,52.5,262.5,1.2722
2016-08-01 00:00:00,52.5,267.5,1.4991
2016-08-01 00:00:00,52.5,272.5,2.0164
2016-08-01 00:00:00,52.5,277.5,1.951
2016-08-01 00:00:00,52.5,282.5,1.7345
2016-08-01 00:00:00,52.5,287.5,1.4712
2016-08-01 00:00:00,52.5,292.5,1.2328
2016-08-01 00:00:00,52.5,297.5,1.1859
2016-08-01 00:00:00,52.5,302.5,1.598
2016-08-01 00:00:00,52.5,307.5,1.6432
2016-08-01 00:00:00,52.5,312.5,1.2586
2016-08-01 00:00:00,52.5,317.5,0.8544
2016-08-01 00:00:00,52.5,322.5,0.5829
2016-08-01 00:00:00,52.5,327.5,0.5458
2016-08-01 00:00:00,52.5,332.5,0.5123
2016-08-01 00:00:00,52.5,337.5,0.4659
2016-08-01 00:00:00,52.5,342.5,0.4157
2016-08-01 00:00:00,52.5,347.5,0.3875
2016-08-01 00:00:00,52.5,352.5,0.4092
2016-08-01 00:00:00,52.5,357.5,0.4885
2016-08-01 00:00:00,57.5,2.5,0.7564
2016-08-01 00:00:00,57.5,7.5,0.5778
2016-08-01 00:00:00,57.5,12.5,0.3839
2016-08-01 00:00:00,57.5,17.5,0.9168
2016-08-01 00:00:00,57.5,22.5,1.0463
2016-08-01 00:00:00,57.5,27.5,1.3961
2016-08-01 00:00:00,57.5,32.5,1.8019
2016-08-01 00:00:00,57.5,37.5,3.1169
2016-08-01 00:00:00,57.5,42.5,3.561
2016-08-01 00:00:00,57.5,47.5,5.3665
2016-08-01 00:00:00,57.5,52.5,5.6692
2016-08-01 00:00:00,57.5,57.5,6.1956
2016-08-01 00:00:00,57.5,62.5,5.4556
2016-08-01 00:00:00,57.5,67.5,4.6217
2016-08-01 00:00:00,57.5,72.5,3.0483
2016-08-01 00:00:00,57.5,77.5,2.2635
2016-08-01 00:00:00,57.5,82.5,1.6106
2016-08-01 00:00:00,57.5,87.5,0.7794
2016-08-01 00:00:00,57.5,92.5,1.4367
2016-08-01 00:00:00,57.5,97.5,1.1594
2016-08-01 00:00:00,57.5,102.5,1.3652
2016-08-01 00:00:00,57.5,107.5,1.1087
2016-08-01 00:00:00,57.5,112.5,0.4451
2016-08-01 00:00:00,57.5,117.5,-0.004
2016-08-01 00:00:00,57.5,122.5,-0.9993
2016-08-01 00:00:00,57.5,127.5,-1.3397
2016-08-01 00:00:00,57.5,132.5,-0.6316
2016-08-01 00:00:00,57.5,137.5,0.5519
2016-08-01 00:00:00,57.5,142.5,0.8441
2016-08-01 00:00:00,57.5,147.5,0.8259
2016-08-01 00:00:00,57.5,152.5,0.7506
2016-08-01 00:00:00,57.5,157.5,1.0364
2016-08-01 00:00:00,57.5,162.5,1.0992
2016-08-01 00:00:00,57.5,167.5,0.9233
2016-08-01 00:00:00,57.5,172.5,1.2544
2016-08-01 00:00:00,57.5,177.5,1.7866
2016-08-01 00:00:00,57.5,182.5,2.2169
2016-08-01 00:00:00,57.5,187.5,2.3206
2016-08-01 00:00:00,57.5,192.5,2.3903
2016-08-01 00:00:00,57.5,197.5,2.1865
2016-08-01 00:00:00,57.5,202.5,2.0681
2016-08-01 00:00:00,57.5,207.5,1.826
2016-08-01 00:00:00,57.5,212.5,1.7632
2016-08-01 00:00:00,57.5,217.5,1.7436
2016-08-01 00:00:00,57.5,222.5,1.6479
2016-08-01 00:00:00,57.5,227.5,1.4136
2016-08-01 00:00:00,57.5,232.5,0.8962
2016-08-01 00:00:00,57.5,237.5,1.2655
2016-08-01 00:00:00,57.5,242.5,1.1062
2016-08-01 00:00:00,57.5,247.5,1.0392
2016-08-01 00:00:00,57.5,252.5,0.4572
2016-08-01 00:00:00,57.5,257.5,1.0559
2016-08-01 00:00:00,57.5,262.5,0.8726
2016-08-01 00:00:00,57.5,267.5,1.4013
2016-08-01 00:00:00,57.5,272.5,1.6024
2016-08-01 00:00:00,57.5,277.5,1.6546
2016-08-01 00:00:00,57.5,282.5,1.7633
2016-08-01 00:00:00,57.5,287.5,1.5862
2016-08-01 00:00:00,57.5,292.5,1.2355
2016-08-01 00:00:00,57.5,297.5,1.2795
2016-08-01 00:00:00,57.5,302.5,1.6064
2016-08-01 00:00:00,57.5,307.5,1.946
2016-08-01 00:00:00,57.5,312.5,1.9193
2016-08-01 00:00:00,57.5,317.5,1.6526
2016-08-01 00:00:00,57.5,322.5,1.3824
2016-08-01 00:00:00,57.5,327.5,1.1148
2016-08-01 00:00:00,57.5,332.5,0.9022
2016-08-01 00:00:00,57.5,337.5,0.7705
2016-08-01 00:00:00,57.5,342.5,0.687
2016-08-01 00:00:00,57.5,347.5,0.5824
2016-08-01 00:00:00,57.5,352.5,0.5693
2016-08-01 00:00:00,57.5,357.5,0.6324
2016-08-01 00:00:00,62.5,2.5,0.9954
2016-08-01 00:00:00,62.5,7.5,0.5566
2016-08-01 00:00:00,62.5,12.5,-0.2043
2016-08-01 00:00:00,62.5,17.5,0.4235
2016-08-01 00:00:00,62.5,22.5,0.9383
2016-08-01 00:00:00,62.5,27.5,0.8022
2016-08-01 00:00:00,62.5,32.5,1.4038
2016-08-01 00:00:00,62.5,37.5,2.4588
2016-08-01 00:00:00,62.5,42.5,3.292
2016-08-01 00:00:00,62.5,47.5,4.3528
2016-08-01 00:00:00,62.5,52.5,5.4172
2016-08-01 00:00:00,62.5,57.5,5.5587
2016-08-01 00:00:00,62.5,62.5,5.218
2016-08-01 00:00:00,62.5,67.5,4.1962
2016-08-01 00:00:00,62.5,72.5,3.396
2016-08-01 00:00:00,62.5,77.5,2.0904
2016-08-01 00:00:00,62.5,82.5,1.5833
2016-08-01 00:00:00,62.5,87.5,0.9237
2016-08-01 00:00:00,62.5,92.5,0.9627
2016-08-01 00:00:00,62.5,97.5,0.3494
2016-08-01 00:00:00,62.5,102.5,0.0696
2016-08-01 00:00:00,62.5,107.5,-0.2725
2016-08-01 00:00:00,62.5,112.5,-1.2203
2016-08-01 00:00:00,62.5,117.5,-1.1033
2016-08-01 00:00:00,62.5,122.5,-1.8301
2016-08-01 00:00:00,62.5,127.5,-1.7241
2016-08-01 00:00:00,62.5,132.5,-1.292
2016-08-01 00:00:00,62.5,137.5,-0.481
2016-08-01 00:00:00,62.5,142.5,0.1388
2016-08-01 00:00:00,62.5,147.5,0.091
2016-08-01 00:00:00,62.5,152.5,0.9514
2016-08-01 00:00:00,62.5,157.5,0.6652
2016-08-01 00:00:00,62.5,162.5,2.1509
2016-08-01 00:00:00,62.5,167.5,3.0178
2016-08-01 00:00:00,62.5,172.5,2.9987
2016-08-01 00:00:00,62.5,177.5,2.1548
2016-08-01 00:00:00,62.5,182.5,2.0593
2016-08-01 00:00:00,62.5,187.5,2.1095
2016-08-01 00:00:00,62.5,192.5,2.0927
2016-08-01 00:00:00,62.5,197.5,2.4315
2016-08-01 00:00:00,62.5,202.5,2.41
2016-08-01 00:00:00,62.5,207.5,1.9332
2016-08-01 00:00:00,62.5,212.5,2.1597
2016-08-01 00:00:00,62.5,217.5,2.2899
2016-08-01 00:00:00,62.5,222.5,1.8542
2016-08-01 00:00:00,62.5,227.5,1.6468
2016-08-01 00:00:00,62.5,232.5,1.5723
2016-08-01 00:00:00,62.5,237.5,1.2196
2016-08-01 00:00:00,62.5,242.5,0.8211
2016-08-01 00:00:00,62.5,247.5,0.567
2016-08-01 00:00:00,62.5,252.5,0.5024
2016-08-01 00:00:00,62.5,257.5,0.8736
2016-08-01 00:00:00,62.5,262.5,1.4121
2016-08-01 00:00:00,62.5,267.5,1.6358
2016-08-01 00:00:00,62.5,272.5,2.1742
2016-08-01 00:00:00,62.5,277.5,2.0091
2016-08-01 00:00:00,62.5,282.5,1.7259
2016-08-01 00:00:00,62.5,287.5,1.5321
2016-08-01 00:00:00,62.5,292.5,1.1635
2016-08-01 00:00:00,62.5,297.5,1.2141
2016-08-01 00:00:00,62.5,302.5,1.7358
2016-08-01 00:00:00,62.5,307.5,2.1518
2016-08-01 00:00:00,62.5,312.5,2.1346
2016-08-01 00:00:00,62.5,317.5,1.7674
2016-08-01 00:00:00,62.5,322.5,1.8525
2016-08-01 00:00:00,62.5,327.5,1.4537
2016-08-01 00:00:00,62.5,332.5,1.1933
2016-08-01 00:00:00,62.5,337.5,1.0897
2016-08-01 00:00:00,62.5,342.5,0.9381
2016-08-01 00:00:00,62.5,347.5,0.8682
2016-08-01 00:00:00,62.5,352.5,0.8777
2016-08-01 00:00:00,62.5,357.5,0.8796
2016-08-01 00:00:00,67.5,2.5,0.939
2016-08-01 00:00:00,67.5,7.5,0.9869
2016-08-01 00:00:00,67.5,12.5,0.8439
2016-08-01 00:00:00,67.5,17.5,0.3511
2016-08-01 00:00:00,67.5,22.5,0.5001
2016-08-01 00:00:00,67.5,27.5,0.409
2016-08-01 00:00:00,67.5,32.5,1.2731
2016-08-01 00:00:00,67.5,37.5,1.8029
2016-08-01 00:00:00,67.5,42.5,1.5021
2016-08-01 00:00:00,67.5,47.5,2.2195
2016-08-01 00:00:00,67.5,52.5,2.9618
2016-08-01 00:00:00,67.5,57.5,3.4003
2016-08-01 00:00:00,67.5,62.5,3.781
2016-08-01 00:00:00,67.5,67.5,2.8953
2016-08-01 00:00:00,67.5,72.5,2.214
2016-08-01 00:00:00,67.5,77.5,1.3728
2016-08-01 00:00:00,67.5,82.5,0.8217
2016-08-01 00:00:00,67.5,87.5,0.2276
2016-08-01 00:00:00,67.5,92.5,-0.1902
2016-08-01 00:00:00,67.5,97.5,0.9397
2016-08-01 00:00:00,67.5,102.5,0.9845
2016-08-01 00:00:00,67.5,107.5,0.1913
2016-08-01 00:00:00,67.5,112.5,-1.3816
2016-08-01 00:00:00,67.5,117.5,-1.163
2016-08-01 00:00:00,67.5,122.5,-1.2542
2016-08-01 00:00:00,67.5,127.5,-1.1895
2016-08-01 00:00:00,67.5,132.5,-0.9651
2016-08-01 00:00:00,67.5,137.5,-0.3393
2016-08-01 00:00:00,67.5,142.5,-0.1351
2016-08-01 00:00:00,67.5,147.5,0.2566
2016-08-01 00:00:00,67.5,152.5,1.5614
2016-08-01 00:00:00,67.5,157.5,1.7908
2016-08-01 00:00:00,67.5,162.5,2.2014
2016-08-01 00:00:00,67.5,167.5,2.6583
2016-08-01 00:00:00,67.5,172.5,2.2809
2016-08-01 00:00:00,67.5,177.5,1.2036
2016-08-01 00:00:00,67.5,182.5,1.199
2016-08-01 00:00:00,67.5,187.5,1.0877
2016-08-01 00:00:00,67.5,192.5,1.3508
2016-08-01 00:00:00,67.5,197.5,1.1779
2016-08-01 00:00:00,67.5,202.5,1.6582
2016-08-01 00:00:00,67.5,207.5,2.0149
2016-08-01 00:00:00,67.5,212.5,1.1216
2016-08-01 00:00:00,67.5,217.5,0.0417
2016-08-01 00:00:00,67.5,222.5,0.0812
2016-08-01 00:00:00,67.5,227.5,0.2195
2016-08-01 00:00:00,67.5,232.5,0.2105
2016-08-01 00:00:00,67.5,237.5,-0.1321
2016-08-01 00:00:00,67.5,242.5,-0.1181
2016-08-01 00:00:00,67.5,247.5,1.047
2016-08-01 00:00:00,67.5,252.5,1.8768
2016-08-01 00:00:00,67.5,257.5,1.8311
2016-08-01 00:00:00,67.5,262.5,2.0147
2016-08-01 00:00:00,67.5,267.5,1.5235
2016-08-01 00:00:00,67.5,272.5,2.1158
2016-08-01 00:00:00,67.5,277.5,1.936
2016-08-01 00:00:00,67.5,282.5,1.5272
2016-08-01 00:00:00,67.5,287.5,1.7494
2016-08-01 00:00:00,67.5,292.5,1.5623
2016-08-01 00:00:00,67.5,297.5,1.5239
2016-08-01 00:00:00,67.5,302.5,1.787
2016-08-01 00:00:00,67.5,307.5,1.8663
2016-08-01 00:00:00,67.5,312.5,2.0232
2016-08-01 00:00:00,67.5,317.5,1.3832
2016-08-01 00:00:00,67.5,322.5,1.5594
2016-08-01 00:00:00,67.5,327.5,1.3566
2016-08-01 00:00:00,67.5,332.5,1.2056
2016-08-01 00:00:00,67.5,337.5,1.1948
2016-08-01 00:00:00,67.5,342.5,1.0861
2016-08-01 00:00:00,67.5,347.5,1.165
2016-08-01 00:00:00,67.5,352.5,1.1693
2016-08-01 00:00:00,67.5,357.5,1.1108
2016-08-01 00:00:00,72.5,2.5,0.9926
2016-08-01 00:00:00,72.5,7.5,0.9586
2016-08-01 00:00:00,72.5,12.5,0.9625
2016-08-01 00:00:00,72.5,17.5,1.1041
2016-08-01 00:00:00,72.5,22.5,1.0645
2016-08-01 00:00:00,72.5,27.5,1.0485
2016-08-01 00:00:00,72.5,32.5,1.1237
2016-08-01 00:00:00,72.5,37.5,1.2051
2016-08-01 00:00:00,72.5,42.5,1.2115
2016-08-01 00:00:00,72.5,47.5,1.2369
2016-08-01 00:00:00,72.5,52.5,1.3832
2016-08-01 00:00:00,72.5,57.5,1.1937
2016-08-01 00:00:00,72.5,62.5,1.1816
2016-08-01 00:00:00,72.5,67.5,1.562
2016-08-01 00:00:00,72.5,72.5,1.5774
2016-08-01 00:00:00,72.5,77.5,1.2439
2016-08-01 00:00:00,72.5,82.5,1.0068
2016-08-01 00:00:00,72.5,87.5,0.4572
2016-08-01 00:00:00,72.5,92.5,0.1606
2016-08-01 00:00:00,72.5,97.5,0.6497
2016-08-01 00:00:00,72.5,102.5,0.2613
2016-08-01 00:00:00,72.5,107.5,0.2705
2016-08-01 00:00:00,72.5,112.5,-0.1406
2016-08-01 00:00:00,72.5,117.5,-0.04
2016-08-01 00:00:00,72.5,122.5,-0.0702
2016-08-01 00:00:00,72.5,127.5,0.1017
2016-08-01 00:00:00,72.5,132.5,1.0798
2016-08-01 00:00:00,72.5,137.5,1.1367
2016-08-01 00:00:00,72.5,142.5,0.9473
2016-08-01 00:00:00,72.5,147.5,0.8443
2016-08-01 00:00:00,72.5,152.5,0.9866
2016-08-01 00:00:00,72.5,157.5,1.3248
2016-08-01 00:00:00,72.5,162.5,1.6811
2016-08-01 00:00:00,72.5,167.5,1.8054
2016-08-01 00:00:00,72.5,172.5,1.5564
2016-08-01 00:00:00,72.5,177.5,0.9509
2016-08-01 00:00:00,72.5,182.5,0.8536
2016-08-01 00:00:00,72.5,187.5,1.0265
2016-08-01 00:00:00,72.5,192.5,1.0693
2016-08-01 00:00:00,72.5,197.5,0.9837
2016-08-01 00:00:00,72.5,202.5,0.8487
2016-08-01 00:00:00,72.5,207.5,0.9353
2016-08-01 00:00:00,72.5,212.5,1.0634
2016-08-01 00:00:00,72.5,217.5,1.0342
2016-08-01 00:00:00,72.5,222.5,1.0538
2016-08-01 00:00:00,72.5,227.5,1.2606
2016-08-01 00:00:00,72.5,232.5,1.5571
2016-08-01 00:00:00,72.5,237.5,1.2639
2016-08-01 00:00:00,72.5,242.5,1.5589
2016-08-01 00:00:00,72.5,247.5,1.5908
2016-08-01 00:00:00,72.5,252.5,1.7456
2016-08-01 00:00:00,72.5,257.5,2.9622
2016-08-01 00:00:00,72.5,262.5,2.5141
2016-08-01 00:00:00,72.5,267.5,1.9738
2016-08-01 00:00:00,72.5,272.5,1.8075
2016-08-01 00:00:00,72.5,277.5,1.4315
2016-08-01 00:00:00,72.5,282.5,1.5259
2016-08-01 00:00:00,72.5,287.5,1.4953
2016-08-01 00:00:00,72.5,292.5,1.4253
2016-08-01 00:00:00,72.5,297.5,1.3939
2016-08-01 00:00:00,72.5,302.5,1.3825
2016-08-01 00:00:00,72.5,307.5,1.6197
2016-08-01 00:00:00,72.5,312.5,1.772
2016-08-01 00:00:00,72.5,317.5,1.3896
2016-08-01 00:00:00,72.5,322.5,1.1361
2016-08-01 00:00:00,72.5,327.5,0.9349
2016-08-01 00:00:00,72.5,332.5,0.4568
2016-08-01 00:00:00,72.5,337.5,1.019
2016-08-01 00:00:00,72.5,342.5,1.0401
2016-08-01 00:00:00,72.5,347.5,1.0331
2016-08-01 00:00:00,72.5,352.5,1.0362
2016-08-01 00:00:00,72.5,357.5,1.0224
2016-08-01 00:00:00,77.5,2.5,1.0954
2016-08-01 00:00:00,77.5,7.5,1.1653
2016-08-01 00:00:00,77.5,12.5,1.2363
2016-08-01 00:00:00,77.5,17.5,1.2237
2016-08-01 00:00:00,77.5,22.5,1.2117
2016-08-01 00:00:00,77.5,27.5,1.1969
2016-08-01 00:00:00,77.5,32.5,1.1854
2016-08-01 00:00:00,77.5,37.5,1.2497
2016-08-01 00:00:00,77.5,42.5,1.3052
2016-08-01 00:00:00,77.5,47.5,1.3205
2016-08-01 00:00:00,77.5,52.5,1.242
2016-08-01 00:00:00,77.5,57.5,1.1791
2016-08-01 00:00:00,77.5,62.5,1.1603
2016-08-01 00:00:00,77.5,67.5,1.3073
2016-08-01 00:00:00,77.5,72.5,1.3039
2016-08-01 00:00:00,77.5,77.5,1.2719
2016-08-01 00:00:00,77.5,82.5,-999.9
2016-08-01 00:00:00,77.5,87.5,-999.9
2016-08-01 00:00:00,77.5,92.5,1.2358
2016-08-01 00:00:00,77.5,97.5,1.1278
2016-08-01 00:00:00,77.5,102.5,0.9578
2016-08-01 00:00:00,77.5,107.5,0.6288
2016-08-01 00:00:00,77.5,112.5,0.678
2016-08-01 00:00:00,77.5,117.5,-999.9
2016-08-01 00:00:00,77.5,122.5,-999.9
2016-08-01 00:00:00,77.5,127.5,1.1862
2016-08-01 00:00:00,77.5,132.5,1.2259
2016-08-01 00:00:00,77.5,137.5,1.1947
2016-08-01 00:00:00,77.5,142.5,1.1143
2016-08-01 00:00:00,77.5,147.5,0.7393
2016-08-01 00:00:00,77.5,152.5,0.9667
2016-08-01 00:00:00,77.5,157.5,1.0751
2016-08-01 00:00:00,77.5,162.5,1.146
2016-08-01 00:00:00,77.5,167.5,-999.9
2016-08-01 00:00:00,77.5,172.5,-999.9
2016-08-01 00:00:00,77.5,177.5,-999.9
2016-08-01 00:00:00,77.5,182.5,-999.9
2016-08-01 00:00:00,77.5,187.5,1.0807
2016-08-01 00:00:00,77.5,192.5,1.1662
2016-08-01 00:00:00,77.5,197.5,1.1715
2016-08-01 00:00:00,77.5,202.5,1.152
2016-08-01 00:00:00,77.5,207.5,1.3093
2016-08-01 00:00:00,77.5,212.5,1.6051
2016-08-01 00:00:00,77.5,217.5,1.595
2016-08-01 00:00:00,77.5,222.5,1.343
2016-08-01 00:00:00,77.5,227.5,-999.9
2016-08-01 00:00:00,77.5,232.5,-999.9
2016-08-01 00:00:00,77.5,237.5,-999.9
2016-08-01 00:00:00,77.5,242.5,-999.9
2016-08-01 00:00:00,77.5,247.5,-999.9
2016-08-01 00:00:00,77.5,252.5,-999.9
2016-08-01 00:00:00,77.5,257.5,1.9705
2016-08-01 00:00:00,77.5,262.5,1.8799
2016-08-01 00:00:00,77.5,267.5,1.7996
2016-08-01 00:00:00,77.5,272.5,1.6608
2016-08-01 00:00:00,77.5,277.5,-999.9
2016-08-01 00:00:00,77.5,282.5,1.5044
2016-08-01 00:00:00,77.5,287.5,1.598
2016-08-01 00:00:00,77.5,292.5,1.503
2016-08-01 00:00:00,77.5,297.5,-999.9
2016-08-01 00:00:00,77.5,302.5,-999.9
2016-08-01 00:00:00,77.5,307.5,-999.9
2016-08-01 00:00:00,77.5,312.5,-999.9
2016-08-01 00:00:00,77.5,317.5,-999.9
2016-08-01 00:00:00,77.5,322.5,-999.9
2016-08-01 00:00:00,77.5,327.5,-999.9
2016-08-01 00:00:00,77.5,332.5,-999.9
2016-08-01 00:00:00,77.5,337.5,-999.9
2016-08-01 00:00:00,77.5,342.5,0.8254
2016-08-01 00:00:00,77.5,347.5,0.8094
2016-08-01 00:00:00,77.5,352.5,0.886
2016-08-01 00:00:00,77.5,357.5,0.9946
2016-08-01 00:00:00,82.5,2.5,-999.9
2016-08-01 00:00:00,82.5,7.5,-999.9
2016-08-01 00:00:00,82.5,12.5,-999.9
2016-08-01 00:00:00,82.5,17.5,-999.9
2016-08-01 00:00:00,82.5,22.5,-999.9
2016-08-01 00:00:00,82.5,27.5,0.8384
2016-08-01 00:00:00,82.5,32.5,0.8281
2016-08-01 00:00:00,82.5,37.5,0.8351
2016-08-01 00:00:00,82.5,42.5,0.8615
2016-08-01 00:00:00,82.5,47.5,0.8814
2016-08-01 00:00:00,82.5,52.5,0.8528
2016-08-01 00:00:00,82.5,57.5,0.8697
2016-08-01 00:00:00,82.5,62.5,0.7703
2016-08-01 00:00:00,82.5,67.5,0.9256
2016-08-01 00:00:00,82.5,72.5,0.9624
2016-08-01 00:00:00,82.5,77.5,1.0062
2016-08-01 00:00:00,82.5,82.5,-999.9
2016-08-01 00:00:00,82.5,87.5,-999.9
2016-08-01 00:00:00,82.5,92.5,-999.9
2016-08-01 00:00:00,82.5,97.5,-999.9
2016-08-01 00:00:00,82.5,102.5,-999.9
2016-08-01 00:00:00,82.5,107.5,-999.9
2016-08-01 00:00:00,82.5,112.5,-999.9
2016-08-01 00:00:00,82.5,117.5,-999.9
2016-08-01 00:00:00,82.5,122.5,-999.9
2016-08-01 00:00:00,82.5,127.5,-999.9
2016-08-01 00:00:00,82.5,132.5,-999.9
2016-08-01 00:00:00,82.5,137.5,-999.9
2016-08-01 00:00:00,82.5,142.5,-999.9
2016-08-01 00:00:00,82.5,147.5,0.7316
2016-08-01 00:00:00,82.5,152.5,0.9484
2016-08-01 00:00:00,82.5,157.5,1.0292
2016-08-01 00:00:00,82.5,162.5,-999.9
2016-08-01 00:00:00,82.5,167.5,-999.9
2016-08-01 00:00:00,82.5,172.5,-999.9
2016-08-01 00:00:00,82.5,177.5,-999.9
2016-08-01 00:00:00,82.5,182.5,-999.9
2016-08-01 00:00:00,82.5,187.5,-999.9
2016-08-01 00:00:00,82.5,192.5,-999.9
2016-08-01 00:00:00,82.5,197.5,-999.9
2016-08-01 00:00:00,82.5,202.5,-999.9
2016-08-01 00:00:00,82.5,207.5,-999.9
2016-08-01 00:00:00,82.5,212.5,-999.9
2016-08-01 00:00:00,82.5,217.5,-999.9
2016-08-01 00:00:00,82.5,222.5,-999.9
2016-08-01 00:00:00,82.5,227.5,-999.9
2016-08-01 00:00:00,82.5,232.5,-999.9
2016-08-01 00:00:00,82.5,237.5,-999.9
2016-08-01 00:00:00,82.5,242.5,-999.9
2016-08-01 00:00:00,82.5,247.5,-999.9
2016-08-01 00:00:00,82.5,252.5,-999.9
2016-08-01 00:00:00,82.5,257.5,-999.9
2016-08-01 00:00:00,82.5,262.5,-999.9
2016-08-01 00:00:00,82.5,267.5,-999.9
2016-08-01 00:00:00,82.5,272.5,-999.9
2016-08-01 00:00:00,82.5,277.5,-999.9
2016-08-01 00:00:00,82.5,282.5,-999.9
2016-08-01 00:00:00,82.5,287.5,-999.9
2016-08-01 00:00:00,82.5,292.5,-999.9
2016-08-01 00:00:00,82.5,297.5,-999.9
2016-08-01 00:00:00,82.5,302.5,-999.9
2016-08-01 00:00:00,82.5,307.5,-999.9
2016-08-01 00:00:00,82.5,312.5,-999.9
2016-08-01 00:00:00,82.5,317.5,-999.9
2016-08-01 00:00:00,82.5,322.5,-999.9
2016-08-01 00:00:00,82.5,327.5,-999.9
2016-08-01 00:00:00,82.5,332.5,-999.9
2016-08-01 00:00:00,82.5,337.5,-999.9
2016-08-01 00:00:00,82.5,342.5,-999.9
2016-08-01 00:00:00,82.5,347.5,-999.9
2016-08-01 00:00:00,82.5,352.5,-999.9
2016-08-01 00:00:00,82.5,357.5,-999.9
2016-08-01 00:00:00,87.5,2.5,-999.9
2016-08-01 00:00:00,87.5,7.5,-999.9
2016-08-01 00:00:00,87.5,12.5,-999.9
2016-08-01 00:00:00,87.5,17.5,-999.9
2016-08-01 00:00:00,87.5,22.5,-999.9
2016-08-01 00:00:00,87.5,27.5,-999.9
2016-08-01 00:00:00,87.5,32.5,-999.9
2016-08-01 00:00:00,87.5,37.5,-999.9
2016-08-01 00:00:00,87.5,42.5,-999.9
2016-08-01 00:00:00,87.5,47.5,-999.9
2016-08-01 00:00:00,87.5,52.5,-999.9
2016-08-01 00:00:00,87.5,57.5,-999.9
2016-08-01 00:00:00,87.5,62.5,-999.9
2016-08-01 00:00:00,87.5,67.5,-999.9
2016-08-01 00:00:00,87.5,72.5,-999.9
2016-08-01 00:00:00,87.5,77.5,-999.9
2016-08-01 00:00:00,87.5,82.5,-999.9
2016-08-01 00:00:00,87.5,87.5,-999.9
2016-08-01 00:00:00,87.5,92.5,-999.9
2016-08-01 00:00:00,87.5,97.5,-999.9
2016-08-01 00:00:00,87.5,102.5,-999.9
2016-08-01 00:00:00,87.5,107.5,-999.9
2016-08-01 00:00:00,87.5,112.5,-999.9
2016-08-01 00:00:00,87.5,117.5,-999.9
2016-08-01 00:00:00,87.5,122.5,-999.9
2016-08-01 00:00:00,87.5,127.5,1.3995
2016-08-01 00:00:00,87.5,132.5,-999.9
2016-08-01 00:00:00,87.5,137.5,-999.9
2016-08-01 00:00:00,87.5,142.5,-999.9
2016-08-01 00:00:00,87.5,147.5,-999.9
2016-08-01 00:00:00,87.5,152.5,-999.9
2016-08-01 00:00:00,87.5,157.5,-999.9
2016-08-01 00:00:00,87.5,162.5,-999.9
2016-08-01 00:00:00,87.5,167.5,-999.9
2016-08-01 00:00:00,87.5,172.5,-999.9
2016-08-01 00:00:00,87.5,177.5,-999.9
2016-08-01 00:00:00,87.5,182.5,-999.9
2016-08-01 00:00:00,87.5,187.5,-999.9
2016-08-01 00:00:00,87.5,192.5,-999.9
2016-08-01 00:00:00,87.5,197.5,-999.9
2016-08-01 00:00:00,87.5,202.5,-999.9
2016-08-01 00:00:00,87.5,207.5,-999.9
2016-08-01 00:00:00,87.5,212.5,-999.9
2016-08-01 00:00:00,87.5,217.5,-999.9
2016-08-01 00:00:00,87.5,222.5,-999.9
2016-08-01 00:00:00,87.5,227.5,-999.9
2016-08-01 00:00:00,87.5,232.5,-999.9
2016-08-01 00:00:00,87.5,237.5,-999.9
2016-08-01 00:00:00,87.5,242.5,-999.9
2016-08-01 00:00:00,87.5,247.5,-999.9
2016-08-01 00:00:00,87.5,252.5,-999.9
2016-08-01 00:00:00,87.5,257.5,-999.9
2016-08-01 00:00:00,87.5,262.5,-999.9
2016-08-01 00:00:00,87.5,267.5,-999.9
2016-08-01 00:00:00,87.5,272.5,-999.9
2016-08-01 00:00:00,87.5,277.5,-999.9
2016-08-01 00:00:00,87.5,282.5,-999.9
2016-08-01 00:00:00,87.5,287.5,-999.9
2016-08-01 00:00:00,87.5,292.5,-999.9
2016-08-01 00:00:00,87.5,297.5,-999.9
2016-08-01 00:00:00,87.5,302.5,-999.9
2016-08-01 00:00:00,87.5,307.5,-999.9
2016-08-01 00:00:00,87.5,312.5,-999.9
2016-08-01 00:00:00,87.5,317.5,-999.9
2016-08-01 00:00:00,87.5,322.5,-999.9
2016-08-01 00:00:00,87.5,327.5,-999.9
2016-08-01 00:00:00,87.5,332.5,-999.9
2016-08-01 00:00:00,87.5,337.5,-999.9
2016-08-01 00:00:00,87.5,342.5,-999.9
2016-08-01 00:00:00,87.5,347.5,-999.9
2016-08-01 00:00:00,87.5,352.5,-999.9
2016-08-01 00:00:00,87.5,357.5,-999.9
